name,uid,posessionWonPer90,tackleRating,headersWonRatio,keyPasses,openCrossesRatio,openSucessfullCrosses90,sprints,dribbles,badges,ratingScores
Eduardo Camavinga,49056243,22.21,8.48,29.51,86.16,90.34,61.05,61.48,71.78,,{}
Joško Gvardiol,24060473,77.25,88.2,89.27,35.3,52.15,25.54,31.65,35.41,wide defender,{"wide defender":85}
Nuno Mendes,83261910,92.81,53.76,39.16,85.52,93.45,75.75,44.1,90.45,,{}
Levi Colwill,28124573,45.17,37.88,69.53,27.68,97,40.67,10.19,26.93,,{}
Alan Petterson,2002074491,70.82,91.09,53.65,71.78,73.71,73.28,45.6,69.85,,{}
Jorrel Hato,2000105654,39.06,19.74,58.69,47,14.7,38.63,48.61,49.25,,{}
Marc Guéhi,28108033,38.52,53.76,56.33,20.06,6.65,7.08,15.13,17.49,,{}
Jurriën Timber,37063644,13.2,24.36,30.9,22.1,61.7,43.03,16.2,18.35,,{}
Sven Botman,37063649,33.37,24.36,49.14,48.82,6.65,7.08,33.58,8.05,,{}
Piero Hincapié,86066853,40.67,79.61,56.33,41.31,73.71,31.12,17.7,36.37,,{}
Nico Schlotterbeck,92088306,41.52,46.24,91.31,75.11,31.97,56.33,48.18,54.72,,{}
Miloš Kerkez,2000011147,56.01,62.12,36.91,95.06,61.7,97.53,95.82,99.46,,{}
Jeremie Frimpong,28113828,50.21,75.21,12.23,77.36,65.56,50.86,57.51,97.32,,{}
Micky van de Ven,37084591,77.79,24.36,76.18,80.26,69.64,45.39,56.12,75.86,,{}
Alphonso Davies,20041862,89.27,62.12,58.69,72.53,61.7,38.63,46.46,98.28,,{}
Gonçalo Inácio,83228731,85.3,24.36,91.31,34.23,47.75,23.71,19.21,26.93,,{}
Castello Lukeba,49056273,26.29,37.88,61.27,9.98,84.66,14.38,7.73,2.36,,{}
Vinicius,2002119900,84.66,69.85,89.27,20.06,90.34,33.05,18.78,40.77,,{}
Tomos Cartwright,2002074503,92.38,30.04,64.06,89.91,56.87,91.42,86.8,94.31,,{}
Jakub Kiwior,96102946,23.71,16.09,87.23,48.82,84.66,28.97,18.45,31.76,,{}
Fabiano Parisi,43429372,79.83,62.12,27.15,90.24,47.75,84.87,90.02,97.96,,{}
Theo Hernández,67211695,89.27,53.76,39.16,75.64,41.63,84.33,66.09,87.12,,{}
Lorenzo Pirola,43425720,39.48,6.44,79.51,26.82,94.96,34.87,20.71,19.85,,{}
Tino Livramento,28124569,84.01,30.04,56.33,72.53,31.97,52.25,74.68,64.48,,{}
Amar Dedić,16283629,90.24,69.85,64.06,44.85,89.38,49.03,25.64,53.22,,{}
Javlon Clement-Peter,2002075095,99.46,53.76,87.23,44.85,25.86,31.12,26.82,51.61,,{}
Takehiro Tomiyasu,45095490,56.33,53.76,46.89,67.38,14.7,36.48,72.21,74.68,,{}
Nicola Zalewski,43426126,7.83,53.76,2.68,92.38,52.15,86.48,73.61,95.39,,{}
Victor Kristiansen,27161400,96.46,46.24,81.97,83.69,28.76,85.52,78.22,61.8,,{}
Jesús Vázquez,95078288,88.41,53.76,72.53,82.19,73.71,66.95,56.76,84.87,,{}
Simone Repossi,2002073451,57.51,69.85,79.51,91.31,52.15,93.56,57.51,90.13,,{}
Nicolás Valentini,14241918,36.37,8.48,56.33,25.11,61.7,20.39,22.42,9.98,,{}
Flavius Daniliuc,91172522,87.02,30.04,76.18,59.98,84.66,86.16,60.41,64.06,,{}
Callum Doyle,2000036812,77.25,62.12,79.51,52.58,52.15,20.39,55.9,67.7,,{}
Josip Stanišić,91190673,52.79,62.12,72.53,48.82,35.94,25.54,53.22,44.42,,{}
Destiny Udogie,43426047,94.42,79.61,89.27,43.67,41.63,40.67,64.27,84.23,wide defender,{"wide defender":88}
Max Aarons,29173977,38.52,24.36,18.88,43.67,41.63,65.99,73.93,78.54,,{}
Marc Cucurella,67215284,41.85,46.24,21.89,79.61,69.64,36.48,70.39,47.75,,{}
Jakub Kamiński,96121228,7.19,46.24,3.22,86.8,88.2,90.56,59.12,92.81,,{}
Vanderlan,19398966,78.76,46.24,97.42,64.27,79.4,73.28,62.12,88.09,,{}
Jan Divíšek,37084936,96.67,24.36,53.65,90.67,56.87,90.02,97.75,86.16,,{}
Tom Rothe,2000146948,78.33,37.88,69.53,96.35,56.87,98.82,78,81.76,,{}
Evan N'Dicka,48032198,36.37,46.24,53.65,38.2,6.65,7.08,33.05,23.82,,{}
Tyrick Mitchell,28111507,52.25,53.76,17.49,63.41,65.56,58.48,59.44,65.88,,{}
Elias Jelert,27161401,46.78,75.21,11.48,80.26,88.2,65.99,66.42,87.55,,{}
Pascal Struijk,37059452,63.95,91.09,66.85,33.26,69.64,49.03,42.38,46.57,,{}
Branislav Vlajić,2002075679,95.92,19.74,66.85,81.12,56.87,90.02,92.6,91.31,,{}
Rayan Aït-Nouri,49047581,33.8,37.88,43.03,79.18,84.66,90.99,67.7,68.67,,{}
Diogo Dalot,83105845,56.01,62.12,66.85,66.42,41.63,62.88,91.09,49.25,,{}
Wassim,2002124575,62.23,69.85,6.65,41.31,41.63,33.05,33.8,64.48,,{}
Kristoffer Lund,27139789,99.89,53.76,87.23,78.54,56.87,83.58,99.03,81.44,,{}
Malang Sarr,48036830,74.36,62.12,34.87,59.98,56.87,31.12,55.04,71.14,,{}
Michael Kayode,2000023588,79.83,53.76,32.83,94.42,31.97,91.85,97.96,96.89,,{}
Alessandro Buongiorno,43270682,55.26,24.36,72.53,14.16,41.63,15.67,12.77,12.12,,{}
Joe Scally,72051619,94.96,62.12,81.97,70.17,56.87,80.26,82.08,73.07,,{}
Colin Penot,2002123982,92.6,37.88,91.31,67.38,95.71,58.48,35.3,47.53,,{}
Thierry Rendall Correia,83111501,97.1,37.88,79.51,93.03,56.87,88.52,99.46,79.61,,{}
Murillo,2000123482,76.5,12.98,76.18,31.65,41.63,36.48,36.16,43.03,,{}
Mads Møller,2002072806,89.59,79.61,58.69,84.55,73.71,43.03,59.98,65.13,,{}
Omar Campos,2000030216,88.73,16.09,51.29,76.82,47.75,79.29,60.94,72.64,,{}
Quilindschy Hartman,37071180,88.41,84.33,61.27,70.49,88.2,79.29,47.32,54.18,,{}
José Marsà,67279755,37.88,24.36,58.69,65.24,56.87,25.54,27.58,44.42,,{}
Rico Lewis,2000098727,65.34,53.76,12.23,65.24,65.56,47.1,53.54,86.7,,{}
Kazımcan Karataş,70131625,93.88,46.24,87.23,63.41,41.63,81.12,94.85,81.12,,{}
Ferdi Kadıoğlu,37060600,76.07,6.44,17.49,96.89,47.75,90.56,95.17,87.12,,{}
Chris Richards,72051563,29.29,12.98,66.85,43.67,31.97,43.03,37.45,46.03,,{}
Prince Aning,2000013543,82.08,79.61,28.33,89.59,69.64,87.23,62.98,79.18,,{}
Marcus Holmgren Pedersen,53161610,64.91,37.88,76.18,85.52,73.71,96.14,99.89,83.69,wing back,{"wing back":88}
Miguel Gutiérrez,67276071,47.32,53.76,53.65,56.33,84.66,64.16,31.22,58.91,,{}
Kilian Fischer,91207901,85.73,37.88,76.18,82.94,69.64,66.95,80.36,61.48,,{}
Ethan Butera,2000127875,16.2,37.88,32.83,7.83,6.65,7.08,13.41,12.88,,{}
Ladislav Mácha,2002103109,60.62,69.85,58.69,72.53,47.75,38.63,46.24,48.18,,{}
David Jurásek,25062133,55.69,19.74,61.27,60.94,91.95,56.33,71.35,73.07,,{}
Saud Abdulhamid,2000042460,67.49,69.85,17.49,88.41,35.94,81.97,93.45,87.88,,{}
Rodrigo Cabral,2002075581,71.14,30.04,95.71,52.58,56.87,56.33,26.07,52.58,,{}
Dan-Axel Zagadou,48043086,75.86,0.11,84.66,36.16,6.65,7.08,15.99,2.36,,{}
Alfred,2002073341,61.16,62.12,84.66,74.25,88.2,28.97,62.34,35.41,,{}
El Chadaille Bitshiabu,2000100253,53.54,46.24,81.97,25.86,95.71,28.97,14.91,37.55,,{}
Eduardo Torres,2002074647,81.44,53.76,17.49,74.25,56.87,85.52,68.88,83.69,,{}
Nathan Patterson,61083649,76.29,30.04,66.85,97.32,65.56,97.96,99.68,95.6,,{}
Jordan Bos,2000015266,49.36,62.12,34.87,37.23,91.95,67.81,68.88,43.78,,{}
Yasin Özcan,2000204346,99.03,37.88,99.68,28.86,28.76,33.05,52.58,32.51,,{}
Lennard Maloney,92092364,27.79,37.88,25.86,99.68,81.97,72.32,79.94,40.77,,{}
Jahkeele Marshall-Rutty,72056311,15.77,53.76,17.49,71.78,41.63,50.86,69.53,80.15,,{}
Juan Miranda,67258411,48.61,37.88,69.53,54.4,35.94,52.25,84.23,41.74,,{}
Calvin Bassey,28111079,71.89,19.74,64.06,26.82,21.14,40.67,96.67,73.5,,{}
Maxim De Cuyper,18110473,11.05,69.85,39.16,58.8,65.56,58.48,39.16,44.96,,{}
Abner Vinicius,19386116,60.19,37.88,72.53,92.06,69.64,87.23,87.88,83.05,,{}
Mads Bech Sørensen,27114700,24.36,8.48,89.27,13.41,97,43.03,35.52,15.88,,{}
Million Manhoef,37076007,18.35,84.33,13.2,92.06,76.82,89.59,58.05,93.78,,{}
Michał Karbownik,96122114,22.96,46.24,10.41,96.67,47.75,97.1,83.48,94.1,,{}
Eduardo,2002073250,95.39,8.48,18.88,45.71,73.71,49.03,50.64,66.2,,{}
Adrian Bajrami,83273689,98.39,30.04,87.23,13.41,31.97,31.12,16.52,31.76,,{}
Gianluca Frabotta,43271155,87.66,53.76,49.14,20.06,61.7,56.33,50.97,36.37,,{}
Quentin Merlin,49048372,70.82,16.09,27.15,76.07,79.4,76.61,69.85,62.45,,{}
Josh Doig,61093823,57.19,94.21,76.18,43.67,31.97,38.63,27.15,49.25,,{}
Raoul Bellanova,43295110,69.21,24.36,61.27,58.8,41.63,81.12,82.3,68.67,,{}
Tomás Rayas,2002074268,59.98,62.12,66.85,50.11,31.97,61.05,81.01,68.67,,{}
Tyrell Malacia,37058363,83.15,37.88,23.28,60.94,52.15,50.86,57.19,52.58,,{}
Olivier Boscagli,48031641,36.91,30.04,61.27,16.31,73.71,40.67,37.88,36.37,,{}
Joaquín Gutiérrez,75055403,38.52,30.04,13.2,93.03,79.4,92.17,76.93,55.26,,{}
Luca Netz,91195878,97.96,53.76,95.71,93.88,76.82,95.82,97.32,88.84,wing back,{"wing back":91}
Josseph Rovira,2002074227,41.09,16.09,72.53,9.98,6.65,7.08,23.71,9.98,,{}
Fredrik Bjørkan,53109980,73.93,16.09,34.87,70.92,79.4,78.33,76.5,91.63,wing back,{"wing back":79}
Jarrad Branthwaite,29226000,86.37,62.12,98.82,14.16,19.1,23.71,38.52,23.82,,{}
Nicolás Meriano,2000071315,48.28,95.39,84.66,31.65,69.64,20.39,34.23,30.9,,{}
Gonçalo Simões,2002133569,87.45,91.09,72.53,35.3,73.71,50.86,40.24,43.78,wide defender,{"wide defender":84}
Oliver Zandén,93104384,36.91,12.98,45.06,38.2,16.63,62.88,85.94,66.52,,{}
Jonathan Dias,2002120027,48.93,69.85,95.71,31.65,35.94,31.12,20.28,17.06,,{}
Leonardo Barroso,2000142793,40.24,84.33,15.34,74.25,65.56,80.26,59.76,93.03,,{}
António da Silva,2002123079,21.35,37.88,3.22,91.74,41.63,88.52,77.58,98.82,,{}
Achraf Hakimi,67228634,97.42,30.04,24.89,64.27,61.7,7.08,61.27,67.7,,{}
Riccardo Calafiori,43424738,93.24,91.09,64.06,43.67,95.71,47.1,43.24,75.11,,{}
Borna Leutar,2000245750,61.16,37.88,64.06,31.65,56.87,23.71,18.13,21.46,,{}
Jusuf Gazibegović,16191707,54.08,88.2,30.9,81.76,23.28,84.66,89.38,78.54,,{}
Harvey Vale,2000016607,49.79,24.36,30.9,11.27,35.94,28.97,51.18,51.39,,{}
Igor,16199713,15.13,4.94,58.69,22.85,90.34,43.03,22.21,13.84,,{}
Francis Amuzu,18101803,4.18,69.85,5.36,56.33,35.94,73.28,38.3,67.7,,{}
Nilton Varela,83228312,49.36,30.04,76.18,69.74,61.7,45.39,39.59,44.96,,{}
Patrick Dorgu,27164470,94.74,84.33,45.06,87.45,47.75,56.33,64.7,77.25,,{}
Fabio Chiarodia,2000116422,69.42,62.12,66.85,11.27,6.65,7.08,5.47,18.35,,{}
Jonathan Borja,2002120340,10.84,84.33,8.15,79.18,16.63,26.93,54.4,59.87,,{}
Park Kyu-Hyun,66045517,75,69.85,91.31,48.82,76.82,62.88,31.87,57.83,,{}
Sikou Niakaté,49037484,20.39,69.85,66.85,11.27,6.65,7.08,29.72,18.35,,{}
Adrien Truffert,49050736,32.51,46.24,15.34,74.25,56.87,85.52,79.72,79.18,,{}
Roberto Callejón,2002124478,88.95,46.24,64.06,75.11,31.97,56.33,87.02,41.74,,{}
Julián Araujo,72053642,42.81,79.61,23.28,55.69,52.15,77.58,75.43,69.42,,{}
Tayo Adaramola,2000048043,47.53,53.76,29.51,31.65,19.1,43.03,50.32,62.12,,{}
Bryan Reynolds,72048187,77.58,30.04,46.89,52.58,16.63,62.88,73.18,55.04,,{}
Melvin Bard,49041157,74.79,53.76,23.93,75.43,47.75,81.97,81.87,80.36,,{}
Jiří Málek,2002126631,88.09,96.57,76.18,45.71,6.65,7.08,28.76,46.03,wide defender,{"wide defender":87}
Julius Isah,2002144180,90.45,75.21,69.53,69.31,56.87,85.52,65.13,50,,{}
Moussa N'Diaye,12083698,26.61,88.2,36.91,42.27,56.87,43.03,35.73,47.21,,{}
Emanuele Valeri,43315140,30.58,62.12,25.86,38.2,52.15,59.66,44.31,56.97,,{}
Vimoj Muntu Wa Mungu,2000123824,80.36,46.24,8.15,52.58,76.82,75.75,90.24,34.87,,{}
Filippo Ballarini,2002134334,76.82,69.85,84.66,28.11,6.65,7.08,26.5,42.17,,{}
Gastón Ávila,14207518,32.73,84.33,56.33,39.81,23.28,38.63,32.19,34.12,,{}
Bruno Valdez,14240705,24.79,46.24,28.33,22.85,6.65,7.08,4.83,6.33,,{}
Óscar Mingueza,67245413,43.24,16.09,87.23,16.95,19.1,23.71,29.08,20.71,,{}
Leo Fuhr Hjelde,29237773,33.15,69.85,84.66,17.49,6.65,7.08,8.37,33.48,,{}
Kevin Moreira,37084821,57.51,62.12,36.91,51.07,41.63,33.05,32.19,54.72,,{}
Diego Coronel,2002127303,54.61,19.74,81.97,6.87,35.94,17.49,18.45,20.71,,{}
Lee Han-Beom,2000082779,56.97,62.12,64.06,20.06,91.95,36.48,27.79,32.83,,{}
Lucas Pires,19335371,26.07,16.09,84.66,98.61,84.66,95.28,87.66,50.64,,{}
Mujaid Sadick,67249928,34.76,30.04,43.03,39.81,93.45,62.88,41.2,37.12,,{}
Eren Elmalı,70123223,73.93,37.88,23.93,9.98,16.63,20.39,71.57,52.58,,{}
Renan,19360964,37.88,69.85,58.69,35.3,81.97,53.76,22.96,52.58,,{}
Luan Cândido,19340771,93.67,98.5,97.42,88.41,90.34,95.28,80.15,35.41,wide defender,{"wide defender":97}
Stefan Engblom,2002074831,32.19,16.09,45.06,42.27,56.87,28.97,30.79,33.48,,{}
Mehmet Fatih Cingirt,2002072781,95.17,75.21,29.51,78.54,56.87,75.11,61.7,61.05,,{}
Kike Salas,2000165617,48.93,37.88,72.53,23.93,76.82,14.38,14.16,29.29,,{}
Luca Pellegrini,43252226,28.65,62.12,32.83,37.23,52.15,69.74,63.2,57.51,,{}
Leonardo Lelo,83257795,65.34,46.24,41.09,92.6,41.63,93.24,81.33,84.23,,{}
Marcos Cardozo,2002136172,34.33,53.76,21.89,76.5,65.56,87.88,82.62,89.7,,{}
Alex Bangura,37064890,14.91,53.76,39.16,87.12,81.97,96.67,74.36,94.74,wing back,{"wing back":87}
Beraldo,2000094252,15.77,88.2,43.03,54.4,97.85,23.71,19.64,26.18,,{}
Ian Maatsen,28121372,73.07,79.61,18.88,70.92,79.4,72.32,39.38,65.13,,{}
Killian Sardella,18107457,21.78,84.33,45.06,22.1,76.82,33.05,9.01,19.21,,{}
Andy Lyons,52090947,85.73,46.24,51.29,57.62,13.84,34.87,90.56,71.78,,{}
Olivier Deman,18096737,1.18,97.96,1.29,1.5,6.65,7.08,1.18,2.36,,{}
Lukas Ullrich,2000154596,85.73,30.04,30.9,84.55,61.7,93.99,84.76,84.66,,{}
Aaron Zehnter,2000178883,91.52,84.33,53.65,68.67,47.75,82.83,95.39,77.79,,{}
Nick Agnew,2002123204,8.58,24.36,6.12,82.19,41.63,87.23,76.72,98.61,,{}
Franco Carboni,43619130,95.92,84.33,64.06,71.78,16.63,64.16,93.24,93.78,,{}
Ivan Turitsov,22072545,25.32,53.76,43.03,22.85,56.87,67.81,57.83,46.57,,{}
José Manuel Copete,67257035,71.35,84.33,79.51,12.45,6.65,7.08,32.51,16.74,wide defender,{"wide defender":78}
Washington Cevallos,2000277346,63.3,62.12,43.03,68.67,21.14,43.03,95.6,71.14,,{}
Alonso Aceves,2000064674,48.28,88.2,58.69,68.03,25.86,53.76,75.86,60.3,,{}
Velibor Elesin,2000265960,86.8,95.39,84.66,84.55,98.39,93.99,47.96,70.28,wide defender,{"wide defender":89}
Jorge Luís,2002170897,46.03,46.24,17.49,93.03,61.7,67.81,68.56,87.55,,{}
Joe Mendes,93123160,20.92,37.88,15.34,57.62,21.14,53.76,52.04,82.19,,{}
Maxime Estève,49060933,68.45,79.61,53.65,14.91,93.45,26.93,14.48,13.84,,{}
Charlie McArthur,2000126895,67.06,30.04,91.31,34.23,41.63,17.49,11.91,25.32,,{}
Rubens,19367258,11.91,3.22,9.66,91.52,79.4,69.74,33.05,56.97,,{}
Abel Bretones,67288450,10.19,69.85,8.15,52.58,31.97,78.65,90.56,86.7,,{}
Renato Veiga,83320123,16.42,37.88,32.83,68.67,90.34,53.76,49.57,63.3,,{}
Théo Ndicka Matam,48044030,3.11,16.09,7.3,21.24,69.64,43.03,2.9,22.42,,{}
Liberato Cacace,88024471,1.18,99.14,1.29,1.5,6.65,7.08,1.18,2.36,,{}
Sergio Ojeda,2002074624,90.67,37.88,56.33,79.61,47.75,56.33,41.52,78.54,,{}
Andrea Cambiaso,43339195,79.29,75.21,32.83,68.03,14.7,25.54,73.61,75.54,,{}
Jaouen Hadjam,2000006105,72.42,62.12,89.27,81.12,61.7,71.14,49.03,70.6,,{}
Arthur,2000073449,34.33,16.09,9.66,86.16,86.7,59.66,76.29,88.52,,{}
Bradley Locko,49059205,63.95,30.04,49.14,84.01,69.64,94.53,99.25,97.75,,{}
Augusto Schott,14181170,37.23,2.25,56.33,87.66,96.24,88.52,58.26,58.26,,{}
Josh Brooking,28124572,12.12,16.09,16.2,28.11,95.71,52.25,8.05,8.05,,{}
Stanley Nsoki,48043092,12.77,62.12,53.65,18.78,99.36,15.67,13.09,5.26,,{}
Sergio Vilariño,2002074547,81.22,62.12,43.03,81.12,52.15,56.33,55.69,93.45,,{}
Alejandro Francés,67281886,63.3,53.76,43.03,52.58,47.75,45.39,83.8,30.9,,{}
Cuiabano,2000064082,39.48,10.73,36.91,90.45,56.87,93.03,84.01,96.57,,{}
Riquelme,2002120083,80.79,79.61,66.85,89.16,79.4,91.85,94.1,91.63,wing back,{"wing back":89}
Vitor,2002131779,54.4,79.61,87.23,33.26,41.63,20.39,22.96,15.88,,{}
Àlex Valle,2000082098,42.27,79.61,18.88,57.62,25.86,31.12,50.64,74.03,,{}
Endika Moreno,2002102686,78.76,53.76,34.87,73.5,52.15,65.99,69.53,69.21,,{}
Max Johnston,2000022026,78.33,84.33,34.87,88.41,69.64,73.28,79.51,81.76,,{}
Javi López,67293674,99.25,91.09,61.27,73.18,35.94,69.74,96.24,76.07,,{}
Alexsander,2000084501,6.12,0.43,21.89,65.24,41.63,20.39,35.09,37.98,,{}
Julián Aude,14223129,56.76,69.85,39.16,47.85,41.63,47.1,94.85,67.7,,{}
Mika Faye,12088492,61.91,62.12,87.23,18.03,28.76,49.03,40.88,89.38,,{}
Nicolas Oliveira,2000161440,56.55,46.24,79.51,80.26,47.75,77.58,88.52,77.25,,{}
Boy Kemper,37063646,80.15,46.24,49.14,65.24,81.97,68.67,83.48,22.42,,{}
Diogo Travassos,2000047615,49.79,30.04,14.27,93.88,41.63,92.38,85.73,95.17,,{}
Ramon Hendriks,37065561,47.75,75.21,51.29,41.31,25.86,15.67,18.99,19.85,,{}
Arne Engels,18111494,37.88,94.21,46.89,36.16,56.87,40.67,92.38,63.73,,{}
Fedde Leysen,18111492,2.47,97.42,1.29,1.5,6.65,7.08,2.47,2.36,,{}
Vasquez Ceza,2002073178,31.22,19.74,25.86,89.91,35.94,89.16,91.95,90.77,,{}
Tommaso Donelli,2002075189,93.45,75.21,53.65,48.82,19.1,26.93,56.55,61.05,,{}
Hussein Ali,93122988,79.51,62.12,34.87,37.23,19.1,34.87,38.09,45.49,,{}
Pedro Ganchas,83191310,28.65,12.98,93.13,18.78,6.65,7.08,6.55,10.84,,{}
Thierry Small,2000027029,85.09,94.21,64.06,52.58,47.75,87.23,98.82,65.56,,{}
Jamil Siebert,91206955,91.2,19.74,72.53,6.87,56.87,33.05,23.5,14.59,,{}
Adam Aznou,2000191507,83.8,75.21,17.49,96.03,61.7,91.42,78.65,94.96,,{}
Edgar Pujol,2000143033,52.79,95.39,10.94,34.23,93.45,33.05,12.45,22.42,,{}
João Paulo,83257700,1.18,99.14,1.29,1.5,6.65,7.08,1.18,2.36,,{}
Brooke Norton-Cuffy,2000047226,96.24,30.04,43.03,69.74,47.75,83.58,92.81,85.09,,{}
Mohamed Sabiri,2000109110,82.4,62.12,69.53,31.65,41.63,47.1,44.74,42.49,,{}
Bruno Numbisie,2000180863,67.7,69.85,7.3,77.36,23.28,81.97,98.61,88.3,,{}
Mauro Orefice,2002075288,78,53.76,81.97,51.07,81.97,43.03,34.55,43.78,,{}
David Øland Jensen,2000201677,55.26,46.24,72.53,95.82,35.94,93.56,79.08,75.54,,{}
Marcus,2002121522,99.68,69.85,95.71,87.12,79.4,49.03,78.43,73.07,,{}
Diogo Spencer,2000013434,70.17,24.36,30.9,43.67,21.14,20.39,36.48,66.85,,{}
Armando Obispo,37056071,25.32,4.94,64.06,4.61,6.65,7.08,11.48,12.12,,{}
Viery,2000255823,35.41,62.12,69.53,23.93,21.14,17.49,28,17.49,,{}
Hamza Hodžić,2002162797,13.41,46.24,12.23,94.74,35.94,84.01,63.84,97.1,,{}
Francisco Marco,2000095038,89.81,10.73,45.06,59.98,41.63,28.97,43.24,29.29,,{}
Carlos Romero,2000019413,91.2,46.24,81.97,59.98,94.96,52.25,72.64,40.77,,{}
Sem Dekkers,2000014085,84.87,53.76,61.27,58.8,41.63,83.58,64.7,62.88,,{}
Alessandro Fontanarosa,43500285,73.28,88.2,76.18,13.41,31.97,26.93,32.73,31.76,wide defender,{"wide defender":79}
José María,2002073183,34.76,84.33,13.2,57.62,25.86,71.14,47.1,46.03,,{}
Ignacio Durá,2002125841,23.28,1.82,76.18,25.86,93.45,15.67,15.34,5.26,,{}
Ariel Sosa,2002136456,44.31,53.76,79.51,99.25,79.4,98.18,93.88,91.95,wing back,{"wing back":93}
Daam Foulon,18097136,1.18,99.68,1.29,1.5,6.65,7.08,1.18,2.36,,{}
Adrián Serrano,2002127305,68.45,93.03,95.71,20.06,91.42,38.63,20.92,26.93,,{}
Artem Bulatov,2002161928,75.64,93.03,56.33,73.18,97.32,77.58,67.06,61.05,,{}
Liam Kitching,29174737,21.57,16.09,21.89,28.86,16.63,28.97,82.62,30.04,,{}
Youri Baas,37076141,87.23,37.88,41.09,64.27,14.7,23.71,52.25,22.42,,{}
Ghassan Abbas,2002144222,3.97,91.09,6.12,28.86,73.71,53.76,37.02,45.49,,{}
Joaquín Sosa,78099269,54.08,37.88,69.53,18.78,73.71,28.97,25.43,19.21,,{}
Nikolas Nartey,27135742,5.9,69.85,41.09,49.79,52.15,7.08,26.29,53.76,,{}
Juuso Nousiainen,2002124583,6.97,88.2,7.3,86.59,31.97,79.29,64.06,95.82,,{}
Juan Barinaga,14221546,61.48,37.88,79.51,63.41,16.63,26.93,87.23,50,,{}
Diego Comachi,2000102929,70.49,19.74,49.14,80.26,65.56,64.91,70.71,67.06,,{}
Roger van de Pol,2002126210,50.21,69.85,51.29,51.07,84.66,43.03,16.95,30.9,,{}
Vincent Burlet,2000182981,98.18,53.76,84.66,57.62,28.76,74.46,93.67,83.05,,{}
Max Geschwill,91190724,76.82,19.74,53.65,29.94,23.28,47.1,62.55,61.8,,{}
Adriano Yonezawa,2002119874,41.85,79.61,27.15,97.85,69.64,94.31,96.03,79.94,,{}
Yeremay Alonso,2002135528,15.34,53.76,23.93,17.49,6.65,7.08,14.7,18.35,,{}
Markus Gaidies,2002143915,64.48,37.88,21.89,56.97,47.75,75.11,85.09,59.12,,{}
Saël Kumbedi,2000104915,87.88,8.48,34.87,95.06,61.7,98.39,92.17,94.53,,{}
Arthur Yamaguchi,2002120665,51.39,8.48,79.51,5.36,16.63,15.67,28.43,7.3,,{}
Juan David Cabal,76064373,43.03,62.12,81.97,36.7,61.7,28.97,33.37,23.82,,{}
Osée Cramoisan,2000022441,68.45,69.85,7.3,71.35,61.7,76.61,60.19,60.62,,{}
Archie Brown,29217603,97.75,53.76,98.82,72.53,47.75,82.83,88.73,56.33,,{}
Ibrahim Digberekou,2000116656,25,19.74,91.31,39.81,65.56,47.1,31.44,30.04,,{}
Rodrigo Pinheiro,83228783,74.57,53.76,76.18,28.86,16.63,36.48,76.07,37.12,,{}
Matas Ivanauskas,2002075054,59.44,53.76,10.41,39.81,23.28,50.86,49.89,74.03,,{}
João Ferreira,83257056,97.42,46.24,84.66,78.54,35.94,56.33,87.45,43.78,,{}
Bastien Meupiyou,2000183492,73.93,30.04,93.13,39.81,69.64,56.33,15.77,63.3,,{}
Adlane Delaporte,2002073796,53.76,75.21,45.06,45.71,41.63,49.03,41.85,78,,{}
Guilherme Biro,2000073857,7.4,8.48,3.76,78.54,65.56,74.46,66.85,90.77,,{}
Niccolò Pierozzi,43392081,44.85,84.33,46.89,41.31,35.94,61.05,85.3,68.67,,{}
Patryck Lanza,19384379,72.85,37.88,81.97,25.11,73.71,69.74,89.59,55.47,,{}
Paulo Vitor,2000166137,40.88,46.24,98.28,26.82,6.65,7.08,9.33,12.88,,{}
Nikolas Dyhr,27129140,3.76,96.57,39.16,52.58,28.76,38.63,28.22,39.06,,{}
Douglas Manaças,2002142878,23.93,3.22,24.46,31.65,23.28,40.67,42.81,43.03,,{}
Kenneth Schmidt,91208024,95.6,84.33,84.66,27.68,81.97,61.05,43.67,74.03,wide defender,{"wide defender":88}
Augusto Gallo,2000051171,13.95,24.36,21.89,99.46,91.42,99.25,55.47,96.57,,{}
Mariano Penepil,2000050546,5.69,62.12,9.66,63.41,69.64,45.39,54.83,82.19,,{}
Tiago Djaló,83169969,83.15,88.2,72.53,47,84.66,50.86,34.01,40.77,wide defender,{"wide defender":81}
Jean-Paul Gil,2002124294,29.29,1.29,15.34,68.67,84.66,49.03,39.81,62.45,,{}
Lucas,2002075059,9.98,53.76,4.29,85.09,47.75,80.26,68.35,99.68,,{}
Aarón Quiros,14221503,67.27,30.04,43.03,36.16,73.71,50.86,24.14,39.91,,{}
Valentín Fascendini,2000050072,28.22,88.2,76.18,18.78,6.65,7.08,15.56,19.21,,{}
Arnau Solà,67296656,68.45,30.04,30.9,65.24,73.71,62.88,45.82,57.51,,{}
Juan Manuel,2002125973,73.5,30.04,97.42,47,35.94,71.14,83.15,92.17,,{}
Diego Cabezas,2002122829,30.04,0.86,5.36,76.82,47.75,76.61,27.36,60.3,,{}
Álvaro Ocampo,2000200421,35.41,62.12,89.27,54.4,25.86,65.99,86.59,76.72,,{}
José Vitor,2002152702,42.27,84.33,99.36,98.82,81.97,97.75,77.36,70.6,wing back,{"wing back":85}
Fabricio Santos,2002122854,27.79,10.73,61.27,1.5,6.65,7.08,23.28,13.84,,{}
Pablo Molina,2002136173,63.95,88.2,61.27,20.06,97.85,34.87,42.6,39.06,,{}
Jean Carlos,2002142734,42.6,3.22,41.09,99.03,81.97,99.89,85.52,98.28,wing back,{"wing back":93}
Caine Wollerton,2002133512,18.03,12.98,56.33,13.41,6.65,7.08,11.05,9.12,,{}
Jorge Martínez,2002074043,46.78,53.76,46.89,16.95,28.76,20.39,13.09,12.88,,{}
Raúl Prada,67297972,62.23,46.24,30.9,60.94,23.28,36.48,45.39,34.55,,{}
Ben Phillips,2000040375,45.6,62.12,79.51,15.67,61.7,23.71,25.21,14.59,,{}
Edoardo Pieragnolo,43500623,72.64,79.61,36.91,62.45,65.56,53.76,44.96,40.77,,{}
Mateo Naranjo,2002074603,53.33,30.04,91.31,3.97,97.85,33.05,21.78,22.42,,{}
João Dalla Corte,2000227264,11.59,69.85,46.89,83.37,94.96,56.33,42.17,27.79,,{}
Gonzalo Escudero,2000251840,14.59,79.61,53.65,14.91,97.85,17.49,20.06,17.49,,{}
Patrick Enrici,43375373,17.06,62.12,32.83,35.3,21.14,28.97,44.53,25.32,,{}
Diego Mastrángelo,14254708,31.22,62.12,49.14,9.12,99.36,20.39,9.98,12.88,,{}
Matthew Sorinola,29198195,1.18,91.09,1.29,1.5,6.65,7.08,1.18,2.36,,{}
Nelson Burruchaga,2002074287,11.27,75.21,13.2,83.69,73.71,90.99,90.88,90.13,wing back,{"wing back":86}
Kassoum Ouattara,2000138872,91.74,46.24,28.33,67.38,56.87,84.33,69.21,53.76,,{}
Javier Presedo,2002136168,58.58,12.98,12.23,48.82,90.34,64.91,30.36,38.52,,{}
Santiago Ramos Mingo,14219093,19.1,96.57,84.66,11.27,6.65,7.08,3.76,5.26,,{}
Alan Riveros,2002105168,65.34,94.21,79.51,82.62,28.76,66.95,75.11,88.84,,{}
David Zalazar,14253398,7.83,6.44,29.51,49.79,31.97,53.76,73.18,85.94,,{}
Federico Trivulzio,2002123494,84.44,46.24,66.85,86.16,84.66,71.14,54.18,92.6,,{}
Rainey Breinburg,2000054511,66.85,62.12,9.12,61.7,41.63,67.81,47.75,53.76,,{}
José Roberto,2002075433,16.74,12.98,27.15,33.26,84.66,23.71,37.23,29.29,,{}
Vladimir Stojaković,2002124437,27.36,10.73,93.13,14.91,6.65,7.08,29.94,16.74,,{}
Lautaro Cano,14201744,44.85,37.88,11.48,62.45,79.4,73.28,74.68,48.71,,{}
Sergio Saizar,2002134436,81.87,53.76,64.06,70.92,69.64,62.88,43.88,51.93,,{}
Jason Benjamin,28127127,47.1,8.48,36.91,90.99,19.1,62.88,71.14,85.52,,{}
Loïc Dujardin,2002072482,94.1,46.24,76.18,81.76,73.71,88.52,94.53,96.24,wing back,{"wing back":87}
Jamil Najjar,2000071245,37.45,12.98,76.18,12.45,41.63,17.49,29.29,18.35,,{}
Rickelme,2000218103,86.59,75.21,66.85,89.16,65.56,79.29,75.64,75.11,,{}
Abel Amaya,2000035750,84.23,4.94,21.89,87.88,31.97,87.23,97.1,78.54,,{}
Victor Gabriel,2000085002,80.58,75.21,72.53,14.91,79.4,34.87,21.35,20.71,wide defender,{"wide defender":76}
Juan Francisco Montagud,2002155540,81.01,46.24,64.06,67.38,35.94,77.58,65.56,93.24,,{}
Lucas Gómez,2002136247,22.21,69.85,17.49,97.53,56.87,82.83,86.27,84.23,,{}
Pietro Marocco,2002134328,19.1,10.73,98.82,8.48,6.65,7.08,3.97,5.26,,{}
Serafino Bello,2002133562,82.73,37.88,87.23,22.1,69.64,34.87,6.76,13.84,,{}
Rubén Zamora,2002126173,58.05,84.33,69.53,31.65,56.87,47.1,77.79,25.32,,{}
Miroslav Romic,2002075025,59.44,37.88,61.27,29.94,65.56,71.14,88.09,33.48,,{}
Pontus Texel,2000025157,31.22,75.21,53.65,47,65.56,68.67,63.41,33.48,,{}
Éverton,2002131819,4.61,95.39,3.76,99.89,76.82,99.68,56.33,99.89,,{}
José Luis,2002124486,39.81,12.98,51.29,13.41,6.65,7.08,10.41,8.69,,{}
Marcelo,2002131983,52.25,4.94,56.33,95.49,47.75,96.46,86.27,69.85,,{}
Ezequiel Carrillo,2002105363,27.79,24.36,66.85,95.49,79.4,97.32,96.46,72.32,wing back,{"wing back":88}
Nicolás Andrés Paz,14211016,51.39,30.04,39.16,5.9,6.65,7.08,30.58,26.18,,{}
Robert,2002074860,55.26,69.85,21.89,56.33,56.87,64.91,58.91,65.88,,{}
Bas Nuijten,2002075262,62.55,24.36,46.89,74.25,47.75,36.48,29.51,59.44,,{}
Wisdom Amey,2000097938,22.21,19.74,93.13,11.27,6.65,7.08,5.04,5.26,,{}
Felipe Sánchez,2000142821,26.61,46.24,69.53,25.11,99.36,23.71,4.61,7.3,,{}
Dylan Dassy,18111491,2.68,96.57,69.53,6.87,81.97,33.05,3.11,19.85,,{}
Nicolás Chávez,14239686,19.42,91.09,39.16,39.81,28.76,17.49,41.2,34.55,,{}
Orestis Iordanidis,2002072670,1.18,95.39,1.29,1.5,6.65,7.08,1.18,2.36,,{}
Martin Williams,2002074485,94.42,24.36,19.85,66.42,56.87,62.88,54.61,86.37,,{}
Leonel Bazán,2000176125,62.77,62.12,53.65,82.62,79.4,69.74,51.5,74.03,,{}
João Conceição,2000104442,43.45,62.12,14.27,42.27,25.86,59.66,80.58,43.03,,{}
Luis Miguel Prada,2002102122,17.27,4.94,76.18,9.98,69.64,15.67,17.27,6.33,,{}
Christopher Walker-Deemin,2002123455,79.08,69.85,91.31,83.15,88.2,85.52,91.52,80.69,wing back,{"wing back":86}
Luis Martín,2002124393,72.21,46.24,19.85,54.4,13.84,34.87,62.77,71.78,,{}
Lukas Engel,27130518,1.18,99.89,1.29,1.5,6.65,7.08,1.18,2.36,,{}
Franco Ayala,2000140967,35.94,3.22,94.31,14.91,99.36,20.39,6.33,6.33,,{}
Thauan Lara,2000020549,32.94,62.12,46.89,31.65,65.56,65.99,46.67,37.55,,{}
Lucas Bernabéu,2000200446,58.91,6.44,72.53,6.87,23.28,20.39,11.7,29.29,,{}
Josué Grelaud,2000254626,1.18,96.57,1.29,1.5,6.65,7.08,1.18,2.36,,{}
Rui Silva,2002124091,71.57,75.21,95.71,43.67,52.15,49.03,79.29,50.64,wide defender,{"wide defender":81}
Fred,2002121247,46.46,94.21,28.33,5.36,6.65,7.08,30.15,8.69,,{}
Diego van Zutphen,2000111576,12.55,46.24,45.06,7.83,6.65,7.08,13.63,7.3,,{}
Floris Bos,2000226977,39.06,24.36,97.42,3.43,6.65,7.08,10.73,2.36,,{}
Agustín Levi,2002074076,12.34,69.85,51.29,6.87,6.65,7.08,5.26,15.88,,{}
Jayden Candelaria,2000041895,90.88,75.21,61.27,51.07,69.64,73.28,48.82,44.96,,{}
Davide Pivetta,2002123863,30.79,46.24,6.65,76.07,76.82,74.46,72.42,83.37,wing back,{"wing back":77}
Juan Carlos Ortega,2002101902,59.76,75.21,27.15,58.8,93.45,90.02,68.13,59.87,,{}
German Staricco,2000311887,53.11,8.48,49.14,16.31,41.63,20.39,14.16,9.98,,{}
Facundo González,2000176729,61.7,24.36,91.31,26.82,6.65,7.08,9.01,9.98,,{}
Filippo Arcioni,2002075398,51.82,62.12,32.83,48.82,52.15,75.75,50.11,85.3,,{}
Jason McManus,2002072327,52.25,10.73,5.36,81.12,73.71,95.6,88.95,92.38,wing back,{"wing back":86}
Mads Lauritsen,2000140107,11.59,75.21,41.09,18.03,52.15,47.1,17.49,26.18,,{}
Charles,2002120656,68.45,16.09,25.86,97.1,84.66,99.03,70.06,91.09,wing back,{"wing back":88}
Charlie Davisson,2002072290,69.74,24.36,61.27,52.58,35.94,64.91,96.89,41.74,,{}
Zech Medley,28108037,6.55,84.33,34.87,42.27,16.63,23.71,24.57,15.13,,{}
Rodrigo Sánchez,14157630,24.57,69.85,16.2,54.4,19.1,53.76,97.53,54.4,,{}
Andreas Desler,2002102552,43.67,37.88,19.85,77.36,52.15,88.52,75.11,81.12,,{}
Riccardo Turicchia,43500853,51.39,94.21,84.66,61.7,84.66,71.14,67.49,47.96,,{}
Mattia Mannini,2000184284,23.5,37.88,10.94,85.52,88.2,56.33,74.14,80.69,,{}
Ahmed Mounji,2002124638,22.64,24.36,49.14,4.61,25.86,7.08,6.97,9.98,,{}
Cristian Macías,2002099372,58.58,12.98,36.91,38.2,25.86,68.67,84.44,58.26,,{}
Bruno,2002120097,91.95,79.61,95.71,94.42,88.2,96.89,82.94,53.22,wide defender,{"wide defender":89}
Lima,2002120071,82.4,75.21,43.03,70.17,35.94,66.95,84.76,30.9,,{}
Stefano Stridi,2002154085,18.56,19.74,4.83,58.8,79.4,49.03,49.57,39.48,,{}
David De la Víbora,67294854,57.83,16.09,6.12,31.65,47.75,58.48,91.74,72.32,,{}
Fernando Ríos,2002156552,19.74,24.36,28.33,89.16,61.7,43.03,67.27,51.93,,{}
Duilio Pagliarani,2002074278,83.58,62.12,58.69,66.42,28.76,78.33,78.86,76.5,,{}
Julio Cano,2002134914,32.19,8.48,93.13,6.87,41.63,15.67,25,15.88,,{}
Christian Rehder,2002072733,4.83,53.76,21.89,21.24,23.28,45.39,24.57,40.77,,{}
Samuel Lucero,2000118156,14.27,37.88,13.2,29.94,23.28,20.39,11.27,9.98,,{}
Diogo Costa,2000125937,65.99,79.61,14.27,16.31,19.1,47.1,45.17,66.52,,{}
Aldo Guerrini,2002144653,41.31,93.03,99.36,39.81,52.15,69.74,58.69,27.79,,{}
Julian Eitschberger,2000154590,47.96,37.88,30.9,77.9,35.94,92.81,94.31,85.73,,{}
João Paulo,2002120677,14.59,3.22,53.65,18.78,6.65,7.08,31.01,12.12,,{}
Ricardo Candé,2002124016,33.8,53.76,8.8,25.86,19.1,20.39,46.03,39.91,,{}
Romão Chasqueira,14243750,20.06,30.04,72.53,3.43,6.65,7.08,7.19,11.37,,{}
Levi Malungu,18115935,5.26,96.57,72.53,5.9,93.45,15.67,3.33,11.37,,{}
Federico Franco,2002074325,9.01,62.12,58.69,23.93,6.65,7.08,7.73,2.36,,{}
Álex Fernandorena,2000141552,64.7,24.36,97.42,38.2,28.76,50.86,89.16,62.88,,{}
Biel,2000146945,50.86,19.74,5.36,93.45,65.56,94.96,56.97,64.48,,{}
Marco Mazzei,2002126383,40.02,62.12,69.53,4.61,6.65,7.08,8.37,11.37,,{}
Juan Cruz Duarte,2002128099,90.02,3.22,97.42,11.27,6.65,7.08,12.12,28.22,,{}
Jochie de Gelder,2002073693,18.03,46.24,49.14,12.45,6.65,7.08,9.55,7.3,,{}
Maximilian Knoop,2002099594,9.66,16.09,34.87,12.45,93.45,17.49,20.49,15.13,,{}
Leighton McCone,29235898,81.65,84.33,94.31,54.4,21.14,26.93,70.92,48.71,wide defender,{"wide defender":87}
Nelson Abbey,29233999,9.01,24.36,43.03,3.43,84.66,7.08,7.4,6.33,,{}
Thorsten Bade,2002072459,44.1,37.88,23.28,96.35,56.87,96.14,88.3,67.7,,{}
Filipe Destefano,2002120919,60.62,1.29,36.91,76.07,65.56,86.48,59.44,38.52,,{}
Steyn Baas,2002133482,30.36,4.94,61.27,50.43,47.75,25.54,22,25.32,,{}
Leonardo,2002131821,44.53,19.74,46.89,9.12,6.65,7.08,23.93,8.05,,{}
Airam,2002135524,60.62,8.48,8.15,62.45,31.97,56.33,47.53,46.89,,{}
Ramiro Soperez,2000248635,18.78,3.22,45.06,23.93,13.41,23.71,17.92,22.42,,{}
Lukas Klitten,27132247,1.18,98.5,1.29,1.5,6.65,7.08,1.18,2.36,,{}
Miguel Tenaglia,2000163753,9.33,6.44,3.76,98.39,88.2,99.46,60.62,96.03,,{}
Ariel González,2000240540,10.62,8.48,14.27,45.71,98.61,59.66,25.86,24.68,,{}
Martín González,2002128270,66.42,12.98,66.85,23.93,6.65,7.08,9.76,2.36,,{}
Junior Diomandé,18107458,50.86,69.85,17.49,39.81,73.71,82.83,48.39,76.29,,{}
Marc,2002126612,36.37,16.09,79.51,5.9,25.86,15.67,5.69,2.36,,{}
Luís Henriques,2002073566,46.03,30.04,84.66,31.65,16.63,15.67,34.55,37.98,,{}
Dardo Torres,14207325,25.86,24.36,39.16,34.23,76.82,36.48,21.14,32.3,,{}
Isidre,2002103951,98.82,84.33,89.27,23.93,25.86,45.39,93.03,38.52,wide defender,{"wide defender":91}
Nicolás Fernández,2000082728,33.8,91.09,28.33,59.98,65.56,31.12,24.57,50,,{}
Sergio Álvarez,2002074307,25.64,88.2,24.89,47.85,93.45,64.91,70.39,50,,{}
Julián Escalante,2002156503,29.29,69.85,15.34,45.71,69.64,73.28,36.8,51.07,,{}
Charles Arthur,2002172124,3.33,79.61,98.28,21.24,21.14,20.39,3.54,16.42,,{}
Guilherme,2000027008,16.74,53.76,49.14,93.88,73.71,81.97,53.22,74.68,,{}
David Sogorb,2002099365,45.39,24.36,25.86,22.1,28.76,43.03,98.18,79.61,,{}
Guillermo Amaya,2002127459,31.87,10.73,51.29,8.48,6.65,7.08,16.95,22.42,,{}
Søren Kristoffersen,2002144224,4.4,97.42,64.06,7.83,6.65,7.08,2.68,2.36,,{}
Miguel Ángel Carrillo,2002145124,50.54,84.33,20.6,74.25,96.57,38.63,38.84,56.97,,{}
Lucas Lolli,2002146667,98.61,88.2,79.51,69.31,86.7,61.05,71.78,21.46,wide defender,{"wide defender":89}
Luka Gutiérrez,2000281105,65.77,37.88,36.91,56.33,56.87,79.29,65.77,82.62,,{}
Leonel Nunes,2002073792,27.04,4.94,93.13,4.61,6.65,7.08,26.82,11.37,,{}
Jaden Meijer,2002072550,28.65,37.88,9.66,41.31,25.86,56.33,77.15,48.39,,{}
Kauan Richard,2000257118,68.45,91.09,89.27,97.85,86.7,98.61,61.91,76.93,,{}
Ben Ashby,2002153912,86.16,37.88,25.86,88.41,23.28,89.38,91.31,71.14,,{}
Alejandro Villalba,2000049727,8.26,97.96,95.71,21.24,99.36,20.39,13.84,2.36,,{}
Marcos Abraham,2002136252,13.95,30.04,4.61,56.33,81.97,52.25,51.82,36.37,,{}
Jefté,2000079323,66.42,88.2,94.31,66.42,47.75,81.12,63.63,69.85,,{}
João Gonçalinho,2000146636,83.15,12.98,95.71,43.67,41.63,75.75,52.9,58.26,,{}
Diego Enrique,2002074064,66.42,69.85,72.53,38.2,14.7,68.67,60.94,99.03,,{}
Martín,2002102105,20.39,79.61,56.33,16.31,6.65,7.08,28.76,13.84,,{}
Riley Rosada,2000294104,63.95,75.21,89.27,47,28.76,38.63,36.48,42.49,,{}
Durmuş Serbest,2000144473,62.98,12.98,95.71,55.36,47.75,61.05,64.7,30.36,,{}
Tomás Maidana,2002127458,21.14,1.82,32.83,9.98,93.45,20.39,6.12,20.71,,{}
Román Suárez,2002074584,59.12,8.48,32.83,17.49,99.36,20.39,5.9,2.36,,{}
Richie Boks,2002144924,71.89,79.61,76.18,15.67,6.65,7.08,22.64,26.18,wide defender,{"wide defender":76}
Bruno Peralta,2002127266,96.89,91.09,36.91,35.3,16.63,56.33,65.34,82.62,,{}
Abdulkadir Kurt,2002144317,75.21,19.74,53.65,20.06,47.75,33.05,53.97,56.33,,{}
Maximiliano Cerutti,2002074340,12.98,69.85,8.8,36.7,90.34,74.46,40.67,51.07,,{}
Patrick Rothmann,2002104338,7.83,91.09,93.13,26.82,96.57,38.63,10.73,15.13,,{}
Samuel Pena,2002161075,35.09,10.73,49.14,29.94,88.2,43.03,38.84,36.37,,{}
Winilson Lopes,2000302501,6.33,30.04,19.85,90.99,31.97,80.26,46.89,99.25,,{}
Tomás Cardoso,2002133875,6.76,93.03,41.09,3.43,6.65,7.08,8.69,6.33,,{}
Pasquale Lazzarini,2002126397,9.66,19.74,81.97,4.61,6.65,7.08,4.4,9.98,,{}
Amidou Doumbouya,2000290350,20.71,79.61,84.66,9.12,6.65,7.08,52.58,32.83,,{}
Cristian,2002120008,19.74,0.43,29.51,52.58,90.34,77.58,35.94,56.33,,{}
Diego Montes,2002146729,69.74,37.88,72.53,47,93.45,43.03,12.45,31.76,,{}
Leonel Orellana,2002156413,22.96,6.44,25.86,77.9,88.2,81.12,89.81,55.69,,{}
Alan Sánchez,2002136212,31.65,37.88,19.85,43.67,16.63,40.67,58.48,63.73,,{}
Marius Rasch,2002162304,3.54,3.22,16.2,34.23,35.94,53.76,21.57,58.69,,{}
Moudachirou Moussoro,2002073126,92.17,84.33,81.97,61.7,35.94,62.88,40.02,34.12,wide defender,{"wide defender":86}
Jorge Montes,2000087588,93.03,37.88,76.18,33.26,35.94,28.97,40.45,59.44,,{}
Manuel,2002104583,54.83,93.03,84.66,39.81,61.7,45.39,37.66,23.82,,{}
Thomas van Dijk,2002145320,40.45,84.33,4.29,45.71,65.56,76.61,72,28.54,,{}
Alejandro,2002102426,27.04,30.04,11.48,25.11,19.1,38.63,53.76,23.82,,{}
Marley Cruz,2000228589,10.41,37.88,2.9,98.18,41.63,92.6,81.33,97.53,,{}
Juan Musacchio,2000245824,8.58,91.09,14.27,62.45,76.82,71.14,81.65,24.68,,{}
Daniel Pedro,2002154101,70.17,37.88,89.27,60.94,28.76,28.97,67.92,39.48,,{}
Alex Artaxo,2002122307,58.26,19.74,69.53,26.82,84.66,20.39,19.42,2.36,,{}
Alex Sandro,2002161050,30.04,79.61,39.16,58.8,69.64,72,80.79,55.9,,{}
Ben Kromah,2002173730,17.6,79.61,41.09,23.93,6.65,7.08,19.85,35.41,,{}
Cristian Grande,2002146663,15.77,4.94,49.14,84.55,73.71,94.74,98.39,89.16,wing back,{"wing back":88}
José Antonio Moyano,2002145663,43.88,1.82,39.16,1.5,6.65,7.08,43.24,23.82,,{}
Dininho,2002142749,17.6,79.61,21.89,55.36,28.76,59.66,41.85,77.58,,{}
Mamaye Traoré,2002145276,24.14,62.12,32.83,28.86,41.63,26.93,34.87,8.69,,{}
Ernesto Garrido,2002156513,75.43,19.74,93.13,29.94,6.65,7.08,72.85,65.13,,{}
Patrick,2000026367,1.18,99.14,1.29,1.5,6.65,7.08,1.18,2.36,,{}
Luca Picco,2002192888,35.73,0.86,24.46,50.43,21.14,38.63,51.5,47.21,,{}
Rui Henriques,2002164089,29.72,62.12,58.69,54.4,41.63,25.54,16.52,29.29,,{}
Gust Everaert,2002075494,2.9,99.14,99.89,11.27,31.97,31.12,4.18,20.71,,{}
Magnus Gaunsbæk,2000135671,1.18,97.96,1.29,1.5,6.65,7.08,1.18,2.36,,{}
Daniel Dionisi,2000088151,46.03,37.88,10.41,66.42,41.63,59.66,66.63,89.7,,{}
Erdem Uyar,2002162286,5.04,37.88,51.29,65.24,25.86,58.48,55.26,27.36,,{}
Arjen Robben,2002173699,5.47,88.2,76.18,8.48,13.84,20.39,49.25,28.54,,{}
Tiago Floro,2002154667,13.63,37.88,20.6,63.41,86.7,61.05,66.09,27.79,,{}
Rhys Owen,2000131036,94.07,95.69,97.31,24.68,20.8,13.69,25.97,31.47,wide defender,{"wide defender":96}
Ronald Araujo,78085068,82.87,93.53,72.84,34.91,20.8,13.69,25.32,23.06,wide defender,{"wide defender":83}
Alan Petterson,2002074491,75.54,91.7,54.63,68.43,74.25,69.29,45.47,71.88,,{}
Reece James,28108035,51.51,15.09,27.05,71.98,70.8,48.81,62.82,65.84,,{}
Ousmane Diomande,2000160511,85.24,51.08,91.16,65.19,74.25,37.07,32.65,43.32,,{}
Jurriën Timber,37063644,12.82,28.02,32.44,21.98,61.53,43.97,16.27,21.55,,{}
Jules Koundé,48036304,55.06,43.32,69.94,57.44,91.92,50.65,45.15,65.84,,{}
Trent Alexander-Arnold,28104124,40.95,71.98,45.37,69.07,84.16,57,69.4,49.89,,{}
Iván Fresneda,2000165653,46.98,71.98,60.78,59.48,18.21,73.6,60.45,92.67,,{}
Jeremie Frimpong,28113828,54.74,77.91,13.15,74.14,66.06,50.65,54.53,98.17,,{}
Filippo Mané,2000121585,88.25,82.76,90.09,42.03,81.9,30.28,32.22,39.55,wide defender,{"wide defender":87}
Vinicius,2002119900,86.96,71.98,90.09,20.37,87.07,33.51,18.64,40.52,wide defender,{"wide defender":83}
Tomos Cartwright,2002074503,93.43,35.02,66.7,87.28,56.68,88.79,84.16,94.29,,{}
Filippo Terracciano,43500821,46.44,93.53,50,73.06,91.49,75.11,44.94,68.21,,{}
Cristhian Mosquera,2000030816,83.3,51.08,78.45,46.77,18.21,15.84,39.12,39.87,,{}
Pedro Porro,67268221,22.63,65.73,25.11,75.32,74.25,74.03,69.72,79.2,,{}
Benjamin White,29141472,48.38,35.02,45.37,69.61,61.53,67.03,89.66,65.84,,{}
Tino Livramento,28124569,86.1,35.02,57.54,69.07,32.97,51.94,69.94,65.84,,{}
Amar Dedić,16283629,92.13,71.98,66.7,42.03,86.21,48.81,27.26,53.88,,{}
Javlon Clement-Peter,2002075095,99.68,58.73,88.79,42.03,25.86,31.57,28.34,52.8,,{}
Josip Šutalo,24058106,40.3,35.02,75.54,11.42,70.8,15.84,9.81,21.55,,{}
Takehiro Tomiyasu,45095490,62.5,58.73,47.52,62.93,14.44,37.07,68,76.29,,{}
Eric García,28116427,37.61,7.65,54.63,15.63,93.43,31.57,29.85,38.79,,{}
Kauê,2002120044,81.25,15.09,86.64,48.06,61.53,28.99,25.54,19.29,,{}
Flavien-Enzo Boyomo,29219115,22.63,28.02,42.67,48.06,81.9,15.84,14.55,10.99,,{}
Trevoh Chalobah,28103591,53.34,35.02,69.94,1.19,99.03,43.97,27.48,14.22,,{}
Simone Repossi,2002073451,63.15,71.98,81.47,88.69,52.48,91.16,54.53,90.52,,{}
Nathan Collins,28117372,96.34,43.32,66.7,52.8,70.8,48.81,29.53,49.35,,{}
Flavius Daniliuc,91172522,89.76,35.02,78.45,57.44,81.9,81.79,57,64.98,,{}
Wesley Fofana,49037900,43.86,35.02,72.84,8.08,94.83,21.98,16.49,10.99,,{}
Josip Stanišić,91190673,58.51,65.73,75.54,46.77,37.39,27.59,51.72,44.07,,{}
Shea Charles,2000027898,85.56,58.73,72.84,82.11,52.48,70.04,68.43,54.63,,{}
Max Aarons,29173977,40.3,28.02,19.94,40.84,42.78,62.72,69.4,79.96,,{}
Jakub Kamiński,96121228,5.06,51.08,2.26,82.76,85.34,87.5,56.25,93.1,,{}
Yannic Jablonski,2002103125,5.5,58.73,5.5,86.53,29.42,91.16,73.38,99.89,,{}
Odilon Kossounou,93127195,76.83,6.47,72.84,58.3,6.57,6.68,21.88,25.75,,{}
Emerson Royal,19325045,18.86,51.08,78.45,94.4,66.06,87.93,95.15,76.29,,{}
Vanderson,19409448,78.77,58.73,50,96.23,61.53,94.07,82.87,75.97,,{}
Nikola Milenković,62191195,28.45,28.02,69.94,16.38,89.98,15.84,19.72,10.99,,{}
Elias Jelert,27161401,51.08,77.91,11.96,77.05,85.34,62.72,61.85,86.42,,{}
Víctor Gómez,67257950,63.47,77.91,11.96,65.95,66.06,39.98,57.22,64.33,,{}
Kiliann Sildillia,49048381,68.64,43.32,69.94,87.28,42.78,86.85,60.88,71.88,,{}
Branislav Vlajić,2002075679,96.88,22.52,69.94,77.91,56.68,86.85,90.63,91.49,,{}
Diogo Dalot,83105845,62.18,65.73,69.94,61.85,42.78,58.73,88.69,49.89,,{}
Ansgar Knauff,91203087,6.9,71.98,40.73,95.37,37.39,90.84,62.61,99.68,,{}
Sacha Boey,49038965,87.72,51.08,81.47,80.93,29.42,92.46,94.5,88.36,,{}
Bruno Méndez,78089395,42.67,12.39,60.78,11.42,89.98,37.07,15.3,21.55,,{}
Kristoffer Lund,27139789,99.89,58.73,88.79,75.32,56.68,79.09,97.95,82.11,,{}
Luís Cláudio,2002119920,10.99,35.02,40.73,15.63,56.68,15.84,23.92,10.99,,{}
Jeyson Rojas,2000050928,95.26,82.76,91.16,60.13,56.68,46.98,38.47,33.73,wide defender,{"wide defender":90}
Michael Kayode,2000023588,83.94,58.73,34.16,92.35,32.97,89.12,96.01,97.52,,{}
Ibrahim Mohammed,2000034631,60.78,18.32,94.72,17.35,6.57,6.68,26.19,18.32,,{}
Joe Scally,72051619,95.8,65.73,84.27,66.7,56.68,76.19,79.63,74.78,,{}
Jordan Teze,37058008,72.31,35.02,60.78,58.3,92.67,60.34,44.5,47.31,,{}
Colin Penot,2002123982,93.64,43.32,91.16,62.93,93.43,54.96,36.31,47.31,,{}
Thierry Rendall Correia,83111501,97.74,43.32,81.47,90.84,56.68,84.16,99.03,80.82,,{}
Eden Kartsev,42074464,7.44,89.66,52.26,88.36,6.57,6.68,60.67,44.07,,{}
Denner,2002098704,24.46,51.08,63.69,27.26,95.91,28.99,23.38,17.13,,{}
Rico Lewis,2000098727,71.34,58.73,13.15,61.1,66.06,46.98,52.05,85.67,,{}
Andrea Papetti,43425644,76.83,22.52,75.54,25.86,6.57,6.68,8.94,15.73,,{}
Ferdi Kadıoğlu,37060600,80.82,7.65,18.1,96.01,48.49,87.5,93.43,85.99,,{}
Chris Richards,72051563,30.82,15.09,69.94,40.84,32.97,43.97,38.69,45.8,,{}
Paulo Fernández,2002122835,93.21,58.73,78.45,54.09,37.39,39.98,38.25,50.75,,{}
José Ángel Carmona,2000053930,86.75,77.91,72.84,58.3,42.78,57,68.21,73.6,wide defender,{"wide defender":79}
Fabio Ferri,2000270710,55.82,82.76,30.93,88.04,25.86,92.89,81.14,94.94,,{}
Danilho Doekhi,37051440,34.59,71.98,78.45,23.71,76.51,21.98,18.97,8.08,,{}
Konstantinos Mavropanos,36116501,17.35,35.02,66.7,7.44,81.9,18.64,15.84,2.05,,{}
Marcus Holmgren Pedersen,53161610,70.47,43.32,78.45,81.79,74.25,95.26,99.46,83.94,wing back,{"wing back":87}
Kilian Fischer,91207901,88.25,43.32,78.45,79.53,70.8,63.69,77.69,62.93,,{}
Leandro Morgalla,2000100665,96.66,82.76,72.84,66.7,29.42,46.98,53.34,64.98,wide defender,{"wide defender":84}
Daniel Ballard,28110835,61.31,97.84,78.45,40.84,70.8,25.65,16.06,22.31,,{}
Jan Paul van Hecke,37076335,35.67,86.85,63.69,10.24,22.95,15.84,11.96,31.47,,{}
Gustaf Lagerbielke,93084711,52.26,15.09,75.54,9.05,99.03,30.28,11.64,19.94,,{}
Ladislav Mácha,2002103109,66.92,71.98,60.78,69.07,48.49,39.98,46.23,48.38,,{}
Saud Abdulhamid,2000042460,72.52,71.98,18.1,85.99,37.39,77.8,91.92,87.61,,{}
Rodrigo Cabral,2002075581,76.08,35.02,96.34,50.97,56.68,54.09,27.8,53.34,,{}
Alfred,2002073341,67.89,65.73,86.64,70.91,85.34,30.28,58.84,36.53,,{}
João Gomes,19371031,16.49,28.02,34.16,86.53,66.06,39.98,32,47.74,,{}
Nathan Patterson,61083649,81.25,35.02,69.94,96.66,66.06,97.74,99.25,96.23,,{}
Denso Kasius,37076465,88.69,51.08,94.72,95.04,32.97,95.8,99.89,99.46,,{}
Lennard Maloney,92092364,29.42,43.32,28.88,99.46,79.09,68.1,76.62,40.52,,{}
Jahkeele Marshall-Rutty,72056311,15.09,58.73,18.1,68.43,42.78,50.65,65.3,81.57,,{}
Jorge Díaz,2000292912,85.02,71.98,72.84,47.52,56.68,25.65,28.88,24.03,wide defender,{"wide defender":77}
Vinicius Tobias,2000012523,72.84,77.91,25.11,93.86,74.25,98.38,87.28,82.11,wing back,{"wing back":87}
Juanlu,2000027530,20.58,51.08,30.93,83.19,42.78,86.85,62.39,87.39,,{}
Wilfried Singo,12078947,94.5,6.47,88.79,83.73,79.09,50.65,88.25,95.58,,{}
Yukinari Sugawara,45111317,80.17,96.98,52.26,67.24,66.06,75.11,93.64,63.47,,{}
Million Manhoef,37076007,18.64,86.85,14.01,89.55,76.51,86.21,55.06,93.64,,{}
Michał Karbownik,96122114,23.49,51.08,10.13,95.8,48.49,96.88,81.79,93.86,,{}
Eduardo,2002073250,96.34,9.81,19.94,43.21,74.25,48.81,49.46,67.35,,{}
Arnau Martínez,2000062512,65.09,6.47,38.04,21.98,25.86,39.98,57.44,34.38,,{}
Festy Ebosele,29216094,99.35,77.91,81.47,93.21,61.53,92.46,95.58,97.2,wide defender,{"wide defender":86}
Raoul Bellanova,43295110,73.6,28.02,63.69,56.47,42.78,77.05,80.5,70.15,,{}
Tomás Rayas,2002074268,65.95,65.73,69.94,48.06,32.97,57,78.56,70.15,,{}
Olivier Boscagli,48031641,39.12,35.02,63.69,16.38,74.25,42.13,40.3,37.28,,{}
Joaquín Gutiérrez,75055403,40.3,35.02,14.01,90.84,77.69,89.33,72.2,56.36,,{}
Alexandre Penetra,83228369,84.38,43.32,57.54,58.3,85.34,45.8,43.43,34.38,,{}
Aaron Kabangu,2002073695,13.9,95.69,7.87,96.98,61.53,92.89,44.07,97.95,,{}
Josseph Rovira,2002074227,44.07,18.32,75.54,9.05,6.57,6.68,24.68,9.59,,{}
Jarrad Branthwaite,29226000,89.01,65.73,98.28,13.04,18.21,25.65,41.06,26.72,,{}
Gonçalo Simões,2002133569,90.09,91.7,75.54,33.73,74.25,50.65,42.13,43.32,wide defender,{"wide defender":86}
Leonardo Barroso,2000142793,43,86.85,15.95,70.91,66.06,76.19,56.79,93.43,,{}
Achraf Hakimi,67228634,98.28,35.02,28.23,60.67,61.53,6.68,57.87,69.4,,{}
Santiago Rodríguez,2002146627,29.42,12.39,47.52,26.62,6.57,6.68,39.66,24.03,,{}
Bafodé Diakité,49038967,82.54,43.32,66.7,31.25,25.86,28.99,29.2,34.38,,{}
Hjalmar Ekdal,93070264,10.99,22.52,50,4.53,6.57,6.68,31.68,7.11,,{}
Borna Leutar,2000245750,67.89,43.32,66.7,31.25,56.68,25.65,18.21,25.75,,{}
Jusuf Gazibegović,16191707,59.27,89.66,32.44,78.56,22.95,80.6,87.28,79.96,,{}
Chumi,95036003,50.65,43.32,78.45,10.24,42.78,15.84,18,9.59,,{}
Felipe Loyola,75050238,30.06,4.96,38.04,29.85,18.21,15.84,52.48,35.67,,{}
Moritz Jenz,29162924,54.31,43.32,60.78,23.71,6.57,6.68,13.25,15.73,,{}
Emanuel Aiwu,16191306,65.41,7.65,75.54,7.44,56.68,27.59,26.4,19.29,,{}
Park Kyu-Hyun,66045517,78.99,71.98,91.16,46.77,76.51,58.73,33.94,59.7,wide defender,{"wide defender":81}
Kofi Balmer,52085051,13.69,65.73,45.37,24.68,89.98,37.07,30.6,23.6,,{}
Roberto Callejón,2002124478,91.49,51.08,66.7,71.66,32.97,54.09,84.38,41.38,,{}
Arnoldo Quintão,2002152703,17.67,43.32,38.04,85.13,66.06,18.64,47.74,58.3,,{}
Julián Araujo,72053642,45.58,82.76,25.11,53.45,52.48,73.17,70.58,71.23,,{}
Andreas Hermann,2002072330,38.04,89.66,63.69,24.68,89.98,18.64,25.11,13.15,,{}
Bryan Reynolds,72048187,81.79,35.02,47.52,50.97,15.84,58.73,68.86,55.82,,{}
Jiří Málek,2002126631,90.84,96.98,78.45,43.21,6.57,6.68,30.17,45.8,wide defender,{"wide defender":89}
Đorđe Savić,2002103128,64.55,9.81,52.26,33.73,86.21,42.13,33.41,35.34,,{}
Marc Pubill,2000101248,53.13,58.73,75.54,31.25,70.8,60.34,86.96,60.34,,{}
Merlin Röhl,91204520,40.95,15.09,66.7,45.69,29.42,31.57,70.37,68.75,,{}
Tommy St. Jago,37064140,33.08,22.52,75.54,3.77,6.57,6.68,31.36,15.73,,{}
Gareth McLaughlin,2002072430,26.4,18.32,21.12,62.93,20.8,68.1,95.8,79.96,,{}
Hugo Siquet,18114980,47.74,35.02,50,77.91,37.39,84.7,98.81,86.85,,{}
Julius Isah,2002144180,92.35,77.91,72.84,65.19,56.68,81.36,60.24,50.75,wide defender,{"wide defender":81}
Buba Sangaré,2000301767,43.43,58.73,7.33,90.3,52.48,97.31,85.24,88.36,,{}
Filippo Ballarini,2002134334,81.57,71.98,86.64,28.13,6.57,6.68,28.13,42.03,wide defender,{"wide defender":80}
Óscar Mingueza,67245413,46.23,18.32,88.79,17.35,18.21,25.65,30.6,24.78,,{}
John Bassey,2000103826,44.94,51.08,97.74,45.69,94.83,45.8,19.5,2.05,,{}
Valeriy Bondar,71093182,29.42,51.08,34.16,6.79,6.57,6.68,14.33,18.32,,{}
Fred-Werner Klöppner,89069855,52.59,51.08,34.16,91.7,66.06,86.21,88.69,84.91,,{}
Alessandro Circati,2000017415,87.39,18.32,57.54,34.91,32.97,30.28,34.81,23.06,,{}
Kevin Moreira,37084821,63.15,65.73,38.04,49.78,42.78,33.51,34.16,55.5,,{}
Sergio Sarmiento,2002120197,27.69,71.98,60.78,19.29,70.8,15.84,17.56,23.06,,{}
Diego Coronel,2002127303,60.24,22.52,84.27,5.82,37.39,18.64,18.43,24.78,,{}
Adam Steele,2002074504,89.33,82.76,63.69,92.78,48.49,94.5,79.96,92.67,,{}
Bećir Omeragić,98046083,24.68,94.61,63.69,10.24,56.68,25.65,7,20.47,,{}
Matěj Martínek,2002135788,17.13,65.73,27.05,89.55,32.97,86.85,79.96,62.93,,{}
Rubén Pulido,67277454,37.61,43.32,40.73,36.1,56.68,18.64,39.33,15.73,,{}
Mujaid Sadick,67249928,36.21,35.02,43.97,38.47,89.98,58.73,42.35,37.82,,{}
Ronald Tapia,2000193985,87.72,35.02,32.44,70.91,48.49,37.07,49.03,52.37,,{}
Eren Elmalı,70123223,77.91,43.32,25.97,9.05,15.84,21.98,67.13,53.34,,{}
Edward Ryan,2002074264,97.52,4.96,94.72,27.26,48.49,37.07,55.93,51.94,,{}
Mehmet Fatih Cingirt,2002072781,96.01,77.91,30.93,75.32,56.68,70.47,58.41,62.28,,{}
Gabriele Zappa,43272248,77.69,28.02,57.54,65.95,22.95,45.8,72.2,41.38,,{}
Timothée Pembélé,49058792,91.92,51.08,69.94,89.12,79.09,64.44,45.47,71.23,,{}
Marcos Cardozo,2002136172,35.13,58.73,23.92,73.06,66.06,83.51,80.71,90.09,,{}
Jackson Tchatchoua,18115949,14.22,15.09,13.15,83.73,61.53,92.13,58.08,91.16,,{}
Darrell McGregor,2002123222,30.82,43.32,27.05,59.48,25.86,79.63,97.74,92.35,,{}
Lee Jones,2002074217,22.2,71.98,8.41,67.89,32.97,82,74.78,84.59,,{}
Ferdi Çolak,2002072713,42.35,15.09,78.45,37.61,89.98,37.07,10.99,13.15,,{}
Killian Sardella,18107457,21.34,86.85,45.37,21.98,76.51,33.51,8.19,23.06,,{}
Andy Lyons,52090947,88.25,51.08,52.26,55.28,13.69,35.24,87.82,72.63,,{}
Serkan Arslan,2000059168,19.72,9.81,47.52,87.28,18.21,15.84,37.93,57.65,,{}
Shimpei Fukuoka,45111294,10.56,28.02,9.16,40.84,91.92,33.51,27.8,18.32,,{}
Baltasar Barcia,2000090753,53.88,22.52,54.63,91.7,81.9,94.72,98.17,85.99,wing back,{"wing back":90}
Néider Bahoque,2000190931,6.36,28.02,18.1,56.47,99.03,13.69,34.38,31.47,,{}
Valentin Antov,22067326,15.63,35.02,88.79,4.53,99.03,15.84,5.71,20.47,,{}
Luca Kilian,91172547,16.81,51.08,86.64,10.24,6.57,6.68,23.92,2.05,,{}
Nick Agnew,2002123204,6.14,28.02,4.63,78.99,42.78,82.87,71.88,99.25,,{}
Ivan Turitsov,22072545,25.75,58.73,43.97,23.06,56.68,64.44,54.85,46.23,,{}
Marcel Ratnik,62248917,27.91,65.73,93,5.82,6.57,6.68,4.85,12.39,,{}
Narongsak Raksa,2002133480,4.2,77.91,27.05,29.09,15.84,33.51,42.89,51.51,,{}
Xavier Mbuyamba,37080993,94.29,18.32,96.34,14.76,70.8,43.97,21.44,34.91,,{}
Eliano Reijnders,37076385,12.39,35.02,23.92,74.14,87.07,77.05,48.6,78.34,,{}
Velibor Elesin,2000265960,89.55,95.69,86.64,81.36,97.09,91.7,47.31,72.31,wide defender,{"wide defender":91}
Jorge Luís,2002170897,50.11,51.08,18.1,90.84,61.53,64.44,64.12,86.42,,{}
Rasmus Carstensen,27155679,74.89,15.09,66.7,62.93,42.78,74.46,94.18,66.92,,{}
Joe Mendes,93123160,20.15,43.32,15.95,55.28,20.8,53.02,51.19,83.19,,{}
Alp Coşkun,2002075391,66.38,65.73,9.16,66.7,76.51,45.8,40.3,49.35,,{}
José Neris,78088635,3.56,96.98,11.96,26.62,61.53,25.65,22.09,48.38,,{}
Maksim Paskotši,2000019993,27.48,9.81,57.54,25.86,18.21,18.64,13.25,19.94,,{}
Sergio Ojeda,2002074624,92.56,43.32,57.54,76.4,48.49,54.09,42.56,79.96,,{}
Brendan Dixon,2002074969,23.49,77.91,47.52,18.21,94.83,30.28,35.45,24.03,,{}
Andrea Cambiaso,43339195,83.51,77.91,34.16,63.79,14.44,27.59,69.07,76.72,,{}
Kyriani Sabbe,2000091515,9.16,86.85,30.93,33.73,15.84,33.51,38.9,52.37,,{}
Ricardo Pereira,2000170574,5.28,35.02,11.96,65.19,92.67,31.57,40.3,28.77,,{}
Arthur,2000073449,35.13,18.32,9.16,82.11,84.16,55.82,71.66,88.79,,{}
Augusto Schott,14181170,39.44,3.77,57.54,85.13,93.86,84.16,55.28,60.34,,{}
Josh Brooking,28124572,10.24,18.32,16.81,28.13,93.43,51.94,7.65,7.11,,{}
Shawn Adewoye,18101866,73.38,58.73,69.94,12.5,56.68,37.07,28.88,21.01,,{}
Jesús Fortea,2000293312,77.48,77.91,52.26,96.44,66.06,95.26,99.68,96.88,,{}
Malo Gusto,49056280,47.41,35.02,38.04,90.3,66.06,93.86,96.44,96.01,,{}
Nathan,19377228,89.01,3.13,93,99.25,42.78,99.46,89.12,97.2,,{}
Natanael,19383253,36.21,58.73,22.41,97.74,61.53,98.71,96.66,87.18,,{}
Heitor,19364334,58.94,91.7,18.1,99.68,89.98,99.03,98.38,55.17,,{}
Bart van Rooij,37072824,39.44,51.08,45.37,40.84,48.49,75.11,67.46,75.22,,{}
Alejandro Francés,67281886,69.4,58.73,43.97,50.97,48.49,45.8,82,32.54,,{}
Vitor,2002131779,59.81,82.76,88.79,32.76,42.78,21.98,22.95,18.32,,{}
Jens Castrop,91193050,15.63,18.32,19.94,89.98,77.69,60.34,64.87,87.93,,{}
Jajá,2002119879,16.81,65.73,10.13,89.55,61.53,91.7,61.1,84.27,,{}
Endika Moreno,2002102686,83.08,58.73,35.88,70.04,52.48,62.72,65.3,70.69,,{}
Mert Müldür,16184687,57.54,28.02,35.88,61.1,48.49,48.81,89.33,39.87,,{}
Max Johnston,2000022026,82.54,86.85,35.88,85.99,70.8,69.29,75.54,82.65,,{}
Héctor Fort,2000227977,74.57,15.09,25.11,67.56,42.78,70.04,84.81,54.85,,{}
Nicolas Oliveira,2000161440,62.82,51.08,81.47,77.05,48.49,73.17,85.67,78.34,,{}
Álvaro Mantilla,2000040352,80.5,58.73,38.04,51.94,25.86,71.01,71.44,60.88,,{}
Santiago Simón,14223204,8.19,4.96,10.88,98.17,92.67,97.09,67.46,75.65,,{}
Ibrahim Diakité,2000159355,71.66,51.08,22.41,55.28,15.84,21.98,48.81,45.8,,{}
Hari Jones,2000109682,99.03,43.32,84.27,86.53,52.48,72.09,81.36,81.36,,{}
Tomislav Papazov,22072957,9.91,91.7,81.47,11.42,6.57,6.68,2.26,8.84,,{}
Diogo Travassos,2000047615,54.31,35.02,14.87,91.7,42.78,89.55,83.73,95.8,,{}
Taylor Harwood-Bellis,28120046,27.05,95.69,52.26,12.5,20.8,21.98,15.63,20.8,,{}
Arne Engels,18111494,39.76,94.61,47.52,34.91,56.68,42.13,90.41,64.55,,{}
Matías Gómez,2000243660,4.42,28.02,2.69,84.59,42.78,43.97,36.53,54.31,,{}
Vasquez Ceza,2002073178,32.54,22.52,28.88,87.28,37.39,85.24,89.98,90.84,,{}
Jenson Seelt,37084995,91.27,91.7,91.16,28.13,92.67,43.97,26.72,27.16,wide defender,{"wide defender":91}
Rodrigo Conceição,83169876,7.76,82.76,2.05,77.05,25.86,71.01,77.37,83.62,,{}
Tommaso Donelli,2002075189,94.94,77.91,54.63,46.77,18.21,28.99,53.99,62.28,,{}
Hussein Ali,93122988,83.73,65.73,35.88,36.75,18.21,35.24,40.84,44.61,,{}
Leandro Quevedo,2002119873,16.06,86.85,6.9,80.93,85.34,90.41,85.99,59.38,,{}
Lasse Sørensen,27119378,40.3,51.08,30.93,43.21,37.39,74.03,93.21,74.78,,{}
Ángel Barcia,2002073187,80.82,89.66,88.79,36.1,32.97,48.81,82.22,35.88,wide defender,{"wide defender":86}
Jamil Siebert,91206955,92.78,22.52,75.54,5.82,56.68,33.51,24.35,15.73,,{}
Adam Aznou,2000191507,85.88,77.91,18.1,95.04,61.53,88.79,74.35,95.37,,{}
Siniša Milovanović,2002152906,99.35,28.02,99.25,26.62,25.86,18.64,34.59,36.53,,{}
Chrislain Matsima,49048468,66.38,9.81,99.25,21.98,25.86,15.84,23.17,11.75,,{}
Rodrigo Núñez,2002074639,8.19,35.02,10.88,92.35,32.97,77.8,50.65,69.4,,{}
Brooke Norton-Cuffy,2000047226,97.09,35.02,43.97,65.95,48.49,79.09,91.27,84.27,,{}
Bruno Numbisie,2000180863,72.84,71.98,6.9,74.14,22.95,77.8,97.31,87.93,,{}
Mauro Orefice,2002075288,82.22,58.73,84.27,49.78,79.09,43.97,35.99,43.32,,{}
Stiven Muça,2000023219,76.08,0.75,38.04,55.28,37.39,76.19,80.28,83.62,,{}
Diogo Spencer,2000013434,74.57,28.02,32.44,40.84,20.8,21.98,37.39,68.21,,{}
Sem Dekkers,2000014085,87.18,58.73,63.69,56.47,42.78,79.09,60.02,64.01,,{}
Glauco,2002074152,62.5,77.91,88.79,62.93,25.86,76.19,50.97,70.69,,{}
Tomokazu Tadokoro,2002075380,31.36,65.73,22.41,69.61,48.49,80.06,97.52,89.12,,{}
Wouter Goes,2000014086,20.8,3.77,84.27,34.91,42.78,15.84,22.74,17.13,,{}
Gabriel Moreno,2002146636,45.26,71.98,19.94,84.16,42.78,83.51,79.42,73.17,,{}
Fernando Espíndola,2000050407,11.75,82.76,2.69,96.98,66.06,96.55,52.91,89.66,,{}
Ariel Sosa,2002136456,48.17,58.73,81.47,99.03,77.69,97.95,92.35,91.92,wing back,{"wing back":92}
Miguel Nóbrega,83169857,46.01,51.08,47.52,37.61,94.83,33.51,29.53,33.73,,{}
Gabriel Moreno,2000184506,21.01,51.08,29.85,79.53,70.8,95.26,66.92,91.7,,{}
Paulinho,2000218834,53.88,77.91,38.04,84.59,61.53,89.87,52.26,66.92,,{}
Daam Foulon,18097136,0.65,99.57,0.65,1.19,6.57,6.68,0.65,2.05,,{}
Adrián Serrano,2002127305,73.17,93.53,96.34,20.37,87.82,39.98,21.01,28.56,wide defender,{"wide defender":88}
Roberto López,2002074611,52.05,18.32,6.25,83.73,20.8,85.78,98.6,97.74,,{}
Antoine Mendy,2000130977,97.95,35.02,96.34,19.29,25.86,60.34,72.74,82.65,,{}
Carlo Volpes,2002144609,91.06,91.7,40.73,72.31,29.42,28.99,75.97,53.34,,{}
Thuto Mojanaga,2000314468,22.2,77.91,35.88,81.57,6.57,6.68,45.8,36.53,,{}
Ghassan Abbas,2002144222,3.34,91.7,4.63,29.09,74.25,53.02,37.93,44.61,,{}
Ali Hassan,2000185937,90.41,71.98,94.72,83.19,66.06,78.45,79.2,78.77,wide defender,{"wide defender":86}
Abdoulaye Sylla,48044086,2.05,98.28,91.16,2.59,6.57,6.68,1.62,2.05,,{}
Maxime Busi,18102128,3.13,89.66,63.69,11.42,32.97,31.57,12.82,27.69,,{}
Hicham El Ouali,2002154438,42.67,35.02,81.47,36.1,81.9,53.02,21.66,24.78,,{}
Juan Barinaga,14221546,68.43,43.32,81.47,60.13,15.84,28.99,84.59,50.75,,{}
Diego Comachi,2000102929,75.22,22.52,50,77.05,66.06,61.42,66.06,68.75,,{}
Roger van de Pol,2002126210,54.74,71.98,52.26,49.78,81.9,43.97,17.03,32.54,,{}
Julián Malatini,14247879,82,35.02,50,31.25,15.84,27.59,43.21,30.28,,{}
Cauan Soares,2002121249,59.81,12.39,57.54,20.37,91.92,43.97,16.7,25.75,,{}
Yeremay Alonso,2002135528,14.76,58.73,25.97,18.21,6.57,6.68,14.98,21.55,,{}
Saël Kumbedi,2000104915,90.63,9.81,35.88,93.64,61.53,98.17,90.19,94.5,,{}
Jack Hinshelwood,2000124287,65.95,43.32,32.44,80.93,37.39,79.09,86.31,82.65,,{}
Mario Gila,67277455,86.42,51.08,60.78,33.73,48.49,58.73,49.25,35.34,,{}
Ibrahim Digberekou,2000116656,25.11,22.52,91.16,38.47,66.06,46.98,33.41,31.47,,{}
Tobías Palacio,2000272820,24.89,51.08,81.47,16.38,6.57,6.68,7.87,8.08,,{}
Rodrigo Pinheiro,83228783,78.45,58.73,78.45,29.09,15.84,37.07,71.23,37.82,,{}
Makis Baglaridis,2002103590,26.4,65.73,6.25,51.94,37.39,68.1,93,75.22,,{}
Valentín Albano,2000104613,60.78,89.66,86.64,64.44,61.53,71.01,78.99,37.82,,{}
João Ferreira,83257056,98.28,51.08,86.64,75.32,37.39,54.09,85.02,43.32,,{}
Ezequiel Orbe,2000207371,34.38,15.09,29.31,48.06,29.42,62.72,94.72,63.47,,{}
Julinho dos Santos,2002099370,97.31,58.73,84.27,94.72,84.16,72.09,74.03,58.3,,{}
Niccolò Pierozzi,43392081,49.03,86.85,47.52,39.33,37.39,57,83.3,70.15,,{}
André,2000136299,94.72,93.53,96.34,82.76,22.95,76.19,76.4,57,wide defender,{"wide defender":95}
Joseda,67293813,57.54,43.32,30.93,33.73,66.06,48.81,40.3,40.52,,{}
Sergio Pujol,2002124301,60.78,7.65,38.04,54.09,48.49,31.57,27.05,38.79,,{}
Emile Kondé,2000055180,1.62,95.69,5.5,17.35,37.39,51.94,4.2,28.23,,{}
Figueiredo,2000036263,2.91,0.75,1.4,34.91,6.57,6.68,21.23,61.85,,{}
Danilo Veiga,83261126,61.53,71.98,66.7,36.1,29.42,48.81,88.69,62.61,,{}
Douglas Manaças,2002142878,24.25,4.96,27.05,31.25,22.95,42.13,43.86,42.56,,{}
Álvaro Guzmán,2002136529,44.4,43.32,86.64,1.19,99.03,21.98,4.53,2.05,,{}
Gonzalo Navarro,2002073110,5.93,43.32,1.62,80.39,48.49,91.7,53.56,96.44,,{}
Tiago Djaló,83169969,84.81,89.66,75.54,44.61,81.9,50.65,35.13,40.52,wide defender,{"wide defender":83}
Jean-Paul Gil,2002124294,30.82,2.48,15.95,64.44,81.9,48.81,41.7,63.47,,{}
Pedro Aguilar,2002136649,98.81,86.85,54.63,73.06,37.39,39.98,50.32,45.37,,{}
Adão Pratesi,2002142708,29.42,9.81,34.16,99.89,79.09,99.68,94.18,94.07,wing back,{"wing back":93}
Marc Bombardó,2000294793,69.4,28.02,66.7,14.76,6.57,6.68,6.57,4.53,,{}
Enoch Mastoras,2000126653,23.81,22.52,43.97,77.05,97.41,62.72,51.72,56.79,,{}
Diego Cabezas,2002122829,31.68,1.72,3.88,73.6,48.49,72.09,28.56,61.85,,{}
Leonardo Toledo,2000050832,28.13,28.02,4.63,59.05,81.9,81.36,63.69,77.26,,{}
Fabricio Santos,2002122854,29.42,12.39,63.69,1.19,6.57,6.68,23.6,14.22,,{}
Alberto Baio,2000048260,91.7,43.32,97.74,4.53,13.25,21.98,64.87,64.01,,{}
Jean Carlos,2002142734,44.72,4.96,42.67,98.38,79.09,99.89,83.51,99.03,wing back,{"wing back":92}
Jorge Martínez,2002074043,51.08,58.73,47.52,17.35,29.42,21.98,12.18,13.15,,{}
Tom Schulz,2002134037,24.03,35.02,11.96,19.29,32.97,51.94,86.75,30.28,,{}
Santiago Salle,2000241983,49.46,86.85,50,43.21,70.8,48.81,77.05,61.42,,{}
Edgar Mota,2000280352,78.13,71.98,66.7,79.96,66.06,82.33,90.95,95.15,,{}
Matthew Sorinola,29198195,0.65,91.7,0.65,1.19,6.57,6.68,0.65,2.05,,{}
Nelson Burruchaga,2002074287,9.38,77.91,14.01,80.39,74.25,88.36,88.04,90.52,wing back,{"wing back":84}
Edoardo Pierozzi,43392080,72.09,58.73,57.54,62.93,37.39,80.93,63.47,77.59,,{}
Javier Presedo,2002136168,64.55,15.09,13.15,46.77,87.07,61.42,32.87,39.22,,{}
Mats Egbring,2000287401,10.56,28.02,60.78,75.32,84.16,83.51,47.95,98.81,,{}
Fábio Baptista,83297511,73.81,58.73,19.94,61.1,52.48,77.8,77.37,73.6,,{}
Mattia Zanotti,43500895,71.88,77.91,15.95,74.14,61.53,74.03,74.35,58.94,,{}
Alan Riveros,2002105168,71.34,94.61,81.47,79.2,29.42,63.69,70.15,89.33,wide defender,{"wide defender":82}
Tomás Lecanda,14223202,79.63,9.81,60.78,21.98,70.8,21.98,12.39,14.22,,{}
Marcelo Melo,2002142668,70.04,71.98,81.47,14.76,6.57,6.68,7.44,8.84,wide defender,{"wide defender":74}
Simone Canestrelli,43317665,61.85,15.09,97.74,28.13,22.95,25.65,20.69,33.73,,{}
Gabriel Reis,2000241776,61.85,35.02,60.78,97.31,37.39,93.32,96.23,93.1,,{}
Giovanni Gambini,2002123861,22.95,9.81,45.37,70.91,97.74,39.98,31.68,27.16,,{}
Rafael Fernandes,83261911,35.88,93.53,98.28,17.35,87.07,27.59,8.73,19.94,,{}
Vladimir Stojaković,2002124437,28.77,12.39,93,13.69,6.57,6.68,32.44,19.29,,{}
Jason Benjamin,28127127,51.51,9.81,38.04,88.36,18.21,58.73,66.59,84.91,,{}
Arthur Piedfort,2000122317,0.65,98.6,0.65,1.19,6.57,6.68,0.65,2.05,,{}
Loïc Dujardin,2002072482,95.26,51.08,78.45,78.56,74.25,84.16,92.78,96.66,wing back,{"wing back":85}
Renzo Giampaoli,14201366,8.94,15.09,72.84,23.71,89.98,21.98,6.14,2.05,,{}
Abel Amaya,2000035750,86.42,6.47,23.92,85.56,32.97,82.87,95.37,79.96,,{}
Serafino Bello,2002133562,84.59,43.32,88.79,21.98,70.8,35.24,7.22,14.22,,{}
Rubén Zamora,2002126173,63.79,86.85,72.84,31.25,56.68,46.98,73.6,27.69,,{}
Melvyn Dapa,2000261766,12.07,58.73,15.95,45.69,32.97,51.94,46.98,54.31,,{}
Lamine Sy,49048738,60.78,22.52,7.33,49.78,18.21,39.98,51.4,55.82,,{}
Pontus Texel,2000025157,32.54,77.91,54.63,44.61,66.06,65.19,59.81,34.91,,{}
Wilson Silvério,2002075143,6.57,22.52,14.87,87.82,42.78,46.98,63.25,69.4,,{}
Guychel Ilunga,2000144045,0.65,99.03,0.65,1.19,6.57,6.68,0.65,2.05,,{}
Guillermo Enrique,14213184,53.56,71.98,29.85,93.21,76.51,97.52,97.09,59.7,,{}
Costanzo Heredia,2000206126,38.25,65.73,40.73,13.69,56.68,21.98,33.73,9.59,,{}
Augusto López,2002146624,50.65,28.02,54.63,1.19,6.57,6.68,3.99,6.03,,{}
Kyllian Berthe,2002075464,56.79,51.08,81.47,20.37,6.57,6.68,14.01,11.75,,{}
Lautaro Vargas,2000220608,43.43,18.32,7.87,88.9,52.48,85.78,89.66,94.72,,{}
Marcelo,2002131983,57.97,6.47,57.54,94.07,48.49,96.01,83.94,71.88,,{}
Martim Fernandes,2000183245,45.26,58.73,57.54,64.44,29.42,80.06,91.7,88.79,,{}
Yiandro Raap,2000226974,27.26,9.81,47.52,28.13,89.98,25.65,9.59,25.75,,{}
Francisco Facello,2000200412,15.63,58.73,7.87,97.52,79.09,98.71,65.63,92.13,,{}
Ezequiel Navarro,14196826,49.68,22.52,42.67,32.76,70.8,43.97,36.75,33.08,,{}
Nicolás Andrés Paz,14211016,57.11,35.02,40.73,4.53,6.57,6.68,33.08,28.23,,{}
Nehuén Kruger,2000276183,35.13,77.91,3.45,64.44,42.78,75.11,58.41,81.79,,{}
Bas Nuijten,2002075262,68.86,28.02,47.52,70.91,48.49,37.07,31.03,61.1,,{}
Brian Aguilar,2000048810,19.72,3.77,84.27,23.06,99.03,21.98,3.13,10.24,,{}
Leonardo Venturelli,2002124695,37.18,65.73,43.97,54.63,29.42,68.1,91.49,73.6,,{}
Wisdom Amey,2000097938,21.88,22.52,93,10.24,6.57,6.68,3.56,4.53,,{}
Andrés Velázquez,2002136302,65.63,91.7,34.16,85.56,37.39,90.41,96.88,75.65,,{}
Jens Vermeuelen,2002072739,2.69,91.7,60.78,11.42,6.57,6.68,2.69,17.13,,{}
Cléber,2002142733,25.32,82.76,72.84,12.5,94.83,21.98,10.45,7.11,,{}
Cristian Fidalgo,2002127554,51.83,82.76,84.27,9.05,6.57,6.68,2.91,14.22,,{}
Anton Gaaei,2000138501,52.59,18.32,54.63,55.28,18.21,54.09,93.86,71.23,,{}
Stefano Turco,2000104666,25.75,28.02,10.13,60.13,48.49,82.87,44.72,79.96,,{}
Nuno Correia,2000183113,79.2,65.73,69.94,19.29,14.44,25.65,39.66,45.04,,{}
Adam Bakoune,2000183048,69.07,82.76,91.16,34.91,37.39,69.29,56.25,67.56,,{}
Martin Williams,2002074485,95.58,28.02,21.12,61.85,56.68,58.73,53.13,85.45,,{}
Alessandro Pane,2002125935,41.92,28.02,99.78,12.5,6.57,6.68,10.02,12.39,,{}
João Conceição,2000104442,46.66,65.73,14.87,39.87,25.86,55.82,77.91,42.56,,{}
Shadi Guillet,2000307456,1.83,99.03,40.73,2.91,6.57,6.68,1.4,2.05,,{}
Luis Martín,2002124393,76.83,51.08,21.12,51.94,13.69,35.24,59.16,72.63,,{}
Franco Ayala,2000140967,38.69,4.96,94.72,13.69,99.03,21.98,6.36,5.28,,{}
Gustav Fraulo,2000140125,0.65,99.57,0.65,1.19,6.57,6.68,0.65,2.05,,{}
Lucas Bernabéu,2000200446,65.09,7.65,75.54,5.82,22.95,21.98,10.24,30.82,,{}
Kevin Albertini,2002162530,85.56,86.85,42.67,58.3,52.48,63.69,75.75,57.33,,{}
Rui Silva,2002124091,76.4,77.91,96.34,40.84,52.48,48.81,75.32,51.51,wide defender,{"wide defender":84}
Patricio Pernicone,14222103,33.94,1.72,84.27,13.69,96.55,21.98,9.16,22.31,,{}
Alejo Prado,2002146642,58.3,58.73,50,21.98,6.57,6.68,8.51,2.05,,{}
Elías Brito,2000176501,23.17,65.73,18.1,76.08,89.98,85.24,72.95,77.05,wing back,{"wing back":80}
Rodrigo Nuzzolese,2002136250,70.8,58.73,45.37,52.8,20.8,37.07,73.17,29.31,,{}
Agustín Levi,2002074076,11.31,71.98,52.26,5.82,6.57,6.68,3.77,18.32,,{}
Guillem Víctor,2000297346,67.35,65.73,54.63,32.76,29.42,61.42,76.19,58.94,,{}
Charlie Davisson,2002072290,74.14,28.02,63.69,50.97,37.39,61.42,94.94,41.38,,{}
Miguel Flores,2002156594,33.62,71.98,5.5,84.59,48.49,72.09,87.61,66.49,,{}
Riccardo Turicchia,43500853,57.11,94.61,86.64,59.05,81.9,66.49,63.04,47.95,,{}
Lasse Rosenboom,91187792,59.27,71.98,78.45,56.47,14.44,64.44,82.65,72.95,,{}
Carciano Barbato,2000135601,80.17,22.52,98.71,44.61,76.51,61.42,46.66,36.53,,{}
Damián Fernández,14222102,18.43,91.7,27.05,9.05,96.55,21.98,12.61,5.28,,{}
Cristian Macías,2002099372,64.55,15.09,38.04,37.61,25.86,65.19,83.08,60.34,,{}
Bruno,2002120097,93,82.76,96.34,92.35,85.34,96.55,80.93,53.88,wide defender,{"wide defender":91}
Kelvin Flórez,2000069656,4.85,65.73,6.25,98.6,70.8,84.7,53.77,91.16,,{}
Maik Kling,2002153689,67.56,82.76,60.78,82.44,56.68,87.93,86.53,78.34,,{}
Samuel Koné,2002123065,48.71,28.02,93,19.29,81.9,25.65,10.99,6.03,,{}
Rousimar Sestrem,2002152637,41.38,96.98,81.47,31.25,95.91,67.03,35.67,45.04,,{}
Luciano Campos,2000144496,16.27,43.32,63.69,68.43,6.57,6.68,18.97,10.24,,{}
Eddie Vermeuelen,37088144,0.65,96.98,0.65,1.19,6.57,6.68,0.65,2.05,,{}
Andreas Bruus,27116286,3.77,96.98,57.54,27.26,18.21,39.98,24.35,42.56,,{}
Hichem Belkacemi,2002073863,78.45,43.32,29.31,54.09,48.49,55.82,48.17,41.38,,{}
Julio Cano,2002134914,33.62,9.81,93,5.82,42.78,15.84,25.75,18.32,,{}
Aldo Guerrini,2002144653,44.4,93.53,98.71,38.47,52.48,65.95,55.71,29.31,,{}
Julian Eitschberger,2000154590,52.91,43.32,32.44,74.68,37.39,90.41,92.56,85.24,,{}
Gastón Parafita,2002136262,36.85,28.02,54.63,4.53,6.57,6.68,20.37,2.05,,{}
Ricardo Rakotoharimalala,2002100293,11.53,9.81,93,14.76,6.57,6.68,6.79,4.53,,{}
Jeremías Blanco,2000272835,57.97,35.02,84.27,65.95,32.97,58.73,58.84,46.55,,{}
Joël Woto Putu Matadi,2000299239,2.48,97.84,54.63,18.64,20.8,39.98,26.72,38.25,,{}
Dinay Bierstekers,2000314308,59.81,58.73,47.52,77.91,48.49,88.36,76.83,74.25,,{}
João Pedro,2002120602,4.63,0.32,11.96,73.06,96.55,35.24,41.92,29.85,,{}
Blas Benedetto,2000281963,75.22,86.85,10.88,46.77,74.25,81.36,46.44,67.78,,{}
Yasin Karabulut,2002133225,15.09,22.52,34.16,13.69,6.57,6.68,20.69,13.15,,{}
Biel,2000146945,56.47,22.52,3.88,91.27,66.06,93.64,54.2,65.84,,{}
Charlie Molyneaux,2000035479,68.21,71.98,35.88,39.33,13.69,18.64,59.38,52.8,,{}
Leighton McCone,29235898,84.16,86.85,94.72,51.94,20.8,28.99,66.27,49.03,wide defender,{"wide defender":89}
Thorsten Bade,2002072459,47.95,43.32,25.11,95.58,56.68,95.26,85.45,69.4,,{}
Santos,2002120766,58.73,65.73,99.78,57.44,66.06,68.1,61.31,47.31,,{}
David Iribarren,2002134435,77.26,51.08,94.72,67.89,96.55,42.13,37.07,32.11,,{}
Filipe Destefano,2002120919,66.92,2.48,38.04,72.52,66.06,82.33,56.57,39.22,,{}
Lucas Cano,2002128829,14.55,15.09,52.26,67.24,88.25,53.02,35.13,48.38,,{}
Steyn Baas,2002133482,32,6.47,63.69,48.81,48.49,27.59,22.31,27.69,,{}
Juan Campos,2000249261,71.01,51.08,50,76.08,94.83,77.05,59.59,50.75,,{}
Tomás Trancoso,2002124175,37.61,77.91,60.78,25.32,42.78,18.64,19.29,25.75,,{}
Leonardo,2002131821,48.71,22.52,47.52,8.08,6.57,6.68,24.89,7.11,,{}
Iván Freyre,2002127300,63.79,1.19,84.27,49.78,81.9,54.96,73.81,60.34,,{}
Santiago Rodríguez,2000051728,14.22,95.69,4.63,39.87,32.97,72.09,70.91,89.66,,{}
Junior Diomandé,18107458,56.47,71.98,18.1,38.47,74.25,78.45,47.52,77.59,,{}
Gürbüz Güngör,2002133684,75.75,35.02,19.94,63.79,25.86,69.29,63.9,80.82,,{}
Luís Henriques,2002073566,50.11,35.02,86.64,31.25,15.84,15.84,35.99,38.47,,{}
Hakan Goeminne,2002127043,2.26,99.03,57.54,15.63,42.78,25.65,2.05,10.24,,{}
Xavi Espart,2000298787,6.9,4.96,11.96,53.45,66.06,39.98,49.68,42.03,,{}
Tobías Rubio,2000045678,21.34,86.85,40.73,52.8,88.25,62.72,17.35,17.13,,{}
Frédéric Moser,2002123981,9.59,22.52,25.97,56.47,70.8,65.95,52.69,49.89,,{}
Sergio Álvarez,2002074307,26.4,89.66,28.23,45.69,89.98,61.42,65.84,50.75,,{}
Julián Escalante,2002156503,30.82,71.98,15.95,43.21,70.8,69.29,37.61,51.94,,{}
Enzo Benítez,2000148350,35.13,12.39,66.7,21.98,87.07,31.57,14.76,5.28,,{}
Michael Webo,2002162270,36.53,65.73,42.67,37.07,25.86,55.82,74.78,56.36,,{}
Théo Cenci,18110542,1.4,99.89,4.63,2.59,6.57,6.68,1.83,12.39,,{}
Guillermo Amaya,2002127459,33.3,12.39,52.26,7.44,6.57,6.68,17.03,26.4,,{}
Nurettin Yeşilçay,2002099532,26.83,35.02,57.54,49.78,97.41,58.73,41.49,32.11,,{}
Miguel Ángel Carrillo,2002145124,55.28,86.85,22.41,70.91,94.83,39.98,41.27,58.94,,{}
Grigorio Luis Sica,2002127497,55.5,28.02,8.41,93.21,56.68,96.23,90.95,74.25,,{}
Oumar N'Diaye,2002124612,66.92,51.08,52.26,6.79,6.57,6.68,13.25,15.73,,{}
Helge Kündig,2002153669,8.51,77.91,19.94,78.56,32.97,85.24,64.55,86.85,,{}
Jaden Meijer,2002072550,30.28,43.32,9.16,39.33,25.86,54.09,72.52,48.81,,{}
Vitor Reis,2000227269,34.16,22.52,38.04,98.81,81.9,99.25,81.57,81.14,wing back,{"wing back":89}
Alejandro Villalba,2000049727,5.71,98.28,96.34,21.01,99.03,21.98,13.69,2.05,,{}
Marcos Abraham,2002136252,13.47,35.02,3.13,54.09,79.09,51.94,50.65,37.28,,{}
Amund Midtgård,2002153556,41.92,22.52,66.7,14.76,97.95,33.51,15.3,15.73,,{}
Gaetano Giannoccoli,2000268502,41.38,43.32,23.92,43.21,56.68,67.03,46.01,64.98,,{}
Youssif Dikeni,2000297453,55.82,1.72,99.25,24.68,6.57,6.68,22.52,8.84,,{}
Francesco Donati,43391796,93.86,22.52,66.7,29.09,76.51,37.07,66.59,56.36,,{}
Álvaro Santos,2000274662,70.47,77.91,16.81,36.1,22.95,58.73,43.64,83.19,,{}
Martín,2002102105,19.72,82.76,57.54,16.38,6.57,6.68,30.17,14.22,,{}
Tomás Maidana,2002127458,20.37,3.13,34.16,9.05,89.98,21.98,5.06,24.78,,{}
Jorge Alberto,2002120507,56.14,51.08,60.78,24.68,6.57,6.68,14.01,15.73,,{}
Emanuel Silva,2002075326,12.07,4.96,32.44,31.25,6.57,6.68,17.78,11.75,,{}
Maximilian Laessig,2000125837,7.76,82.76,69.94,11.42,99.03,15.84,2.48,4.53,,{}
Laurin Fensel,2002125031,90.09,43.32,84.27,44.61,48.49,80.06,78.13,74.25,,{}
João Silva,2002123301,8.73,65.73,57.54,4.53,37.39,15.84,5.39,7.11,,{}
Renzo Alberini,2002136289,9.91,58.73,6.25,94.4,29.42,93.32,61.85,76.72,,{}
Francesco Scalini,2002144655,32.22,9.81,18.1,38.47,29.42,39.98,31.03,30.82,,{}
Yannick Pasveer,2002123938,17.67,12.39,28.23,79.96,79.09,94.29,70.91,98.38,wing back,{"wing back":85}
Guido Benítez,2002146890,79.42,65.73,93,70.04,48.49,75.11,82.44,57.33,,{}
Estêvão Brunheta,2002075432,45.8,51.08,88.79,42.03,79.09,70.47,46.98,68.21,,{}
Sulaiman Eze,2002099468,49.25,35.02,69.94,3.45,6.57,6.68,8.19,8.08,,{}
Cristian,2002120008,19.29,0.75,30.93,50.97,87.07,73.17,37.07,58.3,,{}
Yuri Dell'Atti,2002124361,70.04,71.98,22.41,32.76,37.39,65.95,75.11,61.42,,{}
Adam Andersen,2000150127,3.99,86.85,23.92,8.08,70.8,33.51,5.39,17.13,,{}
Gerónimo Acevedo,2002156390,28.45,9.81,50,25.86,6.57,6.68,11.64,6.03,,{}
Diego Montes,2002146729,74.14,43.32,75.54,44.61,89.98,43.97,11.31,33.08,,{}
Conrado Gómez,2000077721,19.07,18.32,14.01,37.07,25.86,58.73,48.38,22.31,,{}
Thomas van Dijk,2002145320,43.43,86.85,2.69,43.21,66.06,72.09,67.78,30.28,,{}
Justin von der Hitz,2000180865,21.66,58.73,22.41,31.25,25.86,72.09,64.33,77.91,,{}
Marley Cruz,2000228589,7.22,43.32,1.83,97.95,42.78,89.87,78.77,98.6,,{}
Emanuel Millán,2002156647,13.04,0.11,40.73,6.79,6.57,6.68,3.34,6.03,,{}
Alex Artaxo,2002122307,64.12,22.52,72.84,25.86,81.9,21.98,19.94,2.05,,{}
Darío,2002163377,46.98,35.02,3.45,61.85,81.9,68.1,85.99,33.08,,{}
Alex Sandro,2002161050,31.68,82.76,40.73,56.47,70.8,67.03,78.34,57.87,,{}
Luís Fernando,2002120914,12.61,71.98,69.94,20.37,94.83,33.51,9.38,2.05,,{}
Ben Kromah,2002173730,18.1,82.76,42.67,23.71,6.57,6.68,20.15,36.53,,{}
José Antonio Moyano,2002145663,47.41,3.13,40.73,1.19,6.57,6.68,44.29,26.72,,{}
Alexander Heredia,2002105032,32.87,65.73,40.73,3.13,6.57,6.68,10.67,7.11,,{}
Dininho,2002142749,18.1,82.76,23.92,52.8,29.42,55.82,42.89,78.99,,{}
Gastón Cinquetti,2002136267,25.75,2.48,9.16,48.81,56.68,65.95,92.13,55.17,,{}
Ernesto Garrido,2002156513,79.85,22.52,93,29.85,6.57,6.68,68.64,66.92,,{}
Luca Picco,2002192888,38.47,1.72,27.05,48.81,20.8,39.98,50.11,46.88,,{}
Valentin Gendrey,49047752,41.92,18.32,28.23,29.85,42.78,43.97,57.65,46.55,,{}
Nicolás Correa,2002156298,36.85,82.76,29.85,18.21,6.57,6.68,4.53,8.84,,{}
Daniel Dionisi,2000088151,50.11,43.32,10.13,61.85,42.78,55.82,62.18,90.09,,{}
Rick Buijs,2002145181,98.6,12.39,22.41,71.98,56.68,80.6,49.89,29.31,,{}
German Bossio,2002164587,38.9,58.73,21.12,44.61,88.25,65.19,55.5,44.07,,{}
Jeppe Mouritsen,2002162300,69.72,15.09,14.87,3.45,6.57,6.68,5.93,2.05,,{}
Tiago Floro,2002154667,13.25,43.32,22.41,60.13,84.16,57,61.53,29.31,,{}